<?xml version="1.0" encoding="UTF-8"?>
<openerp>
	<data>

		<record id="view_stock_invoice_onshipping_inh" model="ir.ui.view">
			<field name="name">Stock Invoice Onshipping</field>
			<field name="model">stock.invoice.onshipping</field>
			<field name="inherit_id" ref="stock.view_stock_invoice_onshipping"/>
			<field name="arch" type="xml">
				<field name="group" position="replace">
					<field name="group" invisible="1"/>
				</field>
			</field>
		</record>

<!-- Physical Inventory-->
		<record id="view_inventory_form_inh" model="ir.ui.view">
			<field name="name">view.inventory.form.inh</field>
			<field name="model">stock.inventory</field>
			<field name="inherit_id" ref="stock.view_inventory_form"/>
			<field name="arch" type="xml">
				<field name="date" position="after">
					<field name="int_type_id"/>
					<!--field name="opening_bal"/-->
					<field name="reason" colspan="4"/>
				</field>
				<button name="action_done" position="replace">
					<button name="action_done2" states="confirm" string="Validate Inventory" type="object" icon="gtk-jump-to"/>
					<button name="action_trig_create_acc_move" string="Trigger Account" type="object" icon="gtk-jump-to" invisible="1"/>
				</button>
				<xpath expr="/form/notebook/page/field[@name='inventory_line_id']/tree" position="replace">
					<tree string="Products">
						<field name="product_id" domain="[('type','&lt;&gt;','service')]"/>
						<field domain="[('usage','=','internal')]" name="location_id"/>
						<!--field name="write_off"/-->
						<field name="product_qty"/>
						<field name="product_uom"/>
						<field name="price_unit"/>
						<field name="prod_lot_id" groups="base.group_extended"/>
						<button name="%(stock.action_view_stock_inventory_line_split)d"
							string="Split inventory lines" groups="base.group_extended"
							type="action" icon="terp-stock_effects-object-colorize" states="draft,confirm"/>
						<field name="state" invisible="True"/>
					</tree>
				</xpath>
				<xpath expr="/form/notebook/page/field[@name='inventory_line_id']/form/field[@name='location_id']" position="replace"/>
				
				<xpath expr="/form/notebook/page/field[@name='inventory_line_id']/form/field[@name='product_id']" position="replace">
					<field name="product_id" on_change="on_change_product_id2(location_id,product_id,product_uom)"  domain="[('type','&lt;&gt;','service')]"/>
					<field domain="[('usage','=','internal')]" name="location_id" on_change="on_change_product_id2(location_id,product_id,product_uom)"/>
					<!--field name="qty_available" on_change="on_change_qty(location_id,product_id,product_qty, write_off)"/-->
					<!--field name="qty_allocated" on_change="on_change_qty(location_id,product_id,product_qty, write_off)"/-->
				</xpath>
				<xpath expr="/form/notebook/page/field[@name='inventory_line_id']/form/field[@name='product_uom']" position="replace">
					<field name="product_uom" invisible="1" on_change="on_change_uom(product_id)"/>
				</xpath>
				<xpath expr="/form/notebook/page/field[@name='inventory_line_id']/form/field[@name='product_uom']" position="after">
					<field name="price_unit" on_change="on_change_qty(location_id,product_id,product_qty, write_off)"/>
					<separator colspan="4" string="Note"/>
					<field colspan="4" name="note" nolabel="1"/>
				</xpath>
				<xpath expr="/form/notebook/page/field[@name='inventory_line_id']/form/field[@name='product_qty']" position="replace">
					<!--field name="write_off" on_change="on_change_qty(location_id,product_id,product_qty, write_off)"/-->
					<field name="product_qty" on_change="on_change_qty(location_id,product_id,product_qty, write_off)"/>
				</xpath>

			</field>
		</record>

<!--Picking In-->
		<record id="view_picking_in_tree_inherit" model="ir.ui.view">
			<field name="name">view.in.tree.inherit</field>
			<field name="model">stock.picking</field>
			<field name="inherit_id" ref="stock.view_picking_in_tree"/>
			<field name="arch" type="xml">
				<button name="action_process" position="replace">
					<button name="action_process2" states="assigned" string="Process" type="object" icon="gtk-go-forward"/>
					<field name="pricelist_id"/>
				</button>
				<button name="button_cancel" position="replace">
					<button name="button_cancel" invisible="1" string="Cancel" icon="gtk-cancel" confirm="This operation will cancel the shipment. Do you want to continue?" />
				</button>
			</field>
		</record>

		<record id="view_picking_form_inherit" model="ir.ui.view">
			<field name="name">view.inherit.form.inherit</field>
			<field name="model">stock.picking</field>
			<field name="inherit_id" ref="purchase.stock_picking_in_inherit_purchase"/>
			<field name="arch" type="xml">
				<field name="name" position="after">
					<field name="temp_name"/>
					<!--button name="button2" string="Button2" type="object"/-->
					<button name="%(act_change_reference)d" string="Change GRN No" type="action" icon="gtk-go-forward" states="done" colspan="2"/>
				</field>
				<button name="button_cancel" position="replace">
					<button name="button_cancel" invisible="1" string="_Cancel" icon="gtk-cancel"/>
				</button>
				<button name="%(stock.act_stock_return_picking)d" position="replace">
					<button name="%(act_return_picking)d" string="Return Products2" states="done" type="action" icon="gtk-execute"/>
				</button>
				<field name="move_lines" position="before">
					<field name="created_vals"/>
					<field name="partner_id" string="Supplier" colspan="4"/>
					<field name="partner_child_id" colspan="4"/>
					<field name="partner_order_id" options='{"quick_create": false}' domain="[('partner_id','=',partner_id)]" colspan="4"/>
					<field name="partner_shipping_id" options='{"quick_create": false}' domain="[('partner_id','=',partner_id)]" colspan="4"/>
					<field name="partner_invoice_id" options='{"quick_create": false}' domain="[('partner_id','=',partner_id)]" colspan="4"/>
					<field name="pricelist_id" colspan="4"/>
				</field>
				<field name="date" position="replace">
					<field name="date" string="Prepared Date" readonly="1"/>
					<field name="do_date" required="1" string="GRN Date"/>
				</field>
				<xpath expr="/form/notebook/page[@string='Notes']/field[@name='note']" position="before">
					<separator colspan="4" string="Header"/>
					<field colspan="4" name="header_picking" nolabel="1"/>
					<separator colspan="4" string="Footer"/>
					<field colspan="4" name="footer_picking" nolabel="1"/>
					<separator colspan="4" string="Notes"/>
				</xpath>
				<xpath expr="/form/notebook/page[@string='Notes']" position="before">
					<page string="Other Information">
						<group colspan="2" col="2">
							<separator string="Logistic" colspan="2"/>
							<field name="fob_id" widget="selection"/>
							<field name="ship_method_id" widget="selection"/>
							<field name="country_org_id" attrs="{'readonly':[('state','=','done')]}"/>
							<field name="country_des_id" attrs="{'readonly':[('state','=','done')]}"/>
						</group>
						<group colspan="2" col="2">
							<separator string="References" colspan="2"/>
							<field name="sale_term_id" widget="selection"/>
							<field name="invoice_date" attrs="{'readonly':[('state','=','done')]}"/>
							<field name="invoice_no"/>
							<field name="ref_no" attrs="{'readonly':[('state','=','done')]}"/>
						</group>
						<group colspan="2" col="2">
							<separator string="Conditions" colspan="2"/>
							<field name="fiscal_position" widget="selection"/>
						</group>
					</page>
				</xpath>

				<xpath expr="/form/notebook" position="inside">
					<page string="History">
						<separator colspan="4" string="Purchase Order"/>
						<field name="po_ids2" nolabel="1" colspan="4"/>
						<separator colspan="4" string="Invoices"/>
						<field name="account_invoice_ids" nolabel="1" colspan="4"/>
					</page>
				</xpath>
				<xpath expr="/form/notebook/page/field[@name='move_lines']/form/group/field[@name='product_uom']" position="after">
					<field name="price_unit" colspan="4" invisible="1"/>
					<field name="full_out" colspan="4"/>
				</xpath>
				<xpath expr="/form/notebook/page/field[@name='move_lines']/form/field[@name='state']" position="before">
					<group colspan="4" col="4">
						<separator colspan="4" string="Taxes"/>
						<field colspan="4" nolabel="1" name="taxes_id"
							domain="[('parent_id','=',False),('type_tax_use','!=','sale')]" invisible="1"/>
					</group>
				</xpath>
				<xpath expr="/form/notebook/page/field[@name='move_lines']/tree/field[@name='state']" position="after">
					<field name="price_unit" invisible="1"/>
					<field name="price_subtotal" invisible="1"/>
					<button name="%(act_change_warehouse_qty)d" string="Edit Quantity"  states="assigned"  type="action" icon="terp-gtk-go-back-rtl" />
					<button name="action_delete" states="assigned" confirm="Are you sure want to delete this record?" string="Delete" type="object" icon="gtk-cancel"/>
				</xpath>
				<xpath expr="/form/notebook/page/field[@name='move_lines']/form/group/field[@name='product_id']" position="replace">
					<field name="product_id" string="Supplier Part No" on_change="onchange_product_id(product_id,location_id,location_dest_id, parent.address_id)" colspan="4"/>
				</xpath>
				<xpath expr="/form/notebook/page/field[@name='move_lines']/tree/field[@name='product_id']" position="replace">
					<field name="product_id" string="Supplier Part No"/>
				</xpath>

				<xpath expr="/form/notebook/page/field[@name='move_lines']" position="after">
					<group col="6" colspan="4">
						<field name="amount_untaxed" sum="Untaxed amount" invisible="1"/>
						<field name="amount_tax" invisible="1"/>
						<field name="amount_total" invisible="1"/>
					</group>
				</xpath>

				<button name="draft_validate" position="replace">
					<button name="draft_validate2" states="draft" string="Process Now" type="object" icon="gtk-media-play"/>
				</button>
				<button name="action_process" position="replace">
					<button name="action_process2" states="assigned" string="Process" type="object" icon="gtk-go-forward"/>
					<button name="revert_invoice" attrs="{'invisible':[('invoice_state','!=','invoiced')]}" string="Revert To non Invoiced" type="object" icon="gtk-go-back"/>
				</button>
			</field>
		</record>

<!--Picking Out-->

		<record id="view_picking_out_tree_inherit" model="ir.ui.view">
			<field name="name">view.out.tree.inherit</field>
			<field name="model">stock.picking</field>
			<field name="inherit_id" ref="stock.view_picking_out_tree"/>
			<field name="arch" type="xml">
				<button name="action_process" position="replace">
					<button name="action_process2" states="assigned" string="Process" type="object" icon="gtk-go-forward"/>
					<field name="pricelist_id"/>
				</button>
			</field>
		</record>


		<record id="view_picking_form_out_inherit" model="ir.ui.view">
			<field name="name">view.inherit.form.out.inherit</field>
			<field name="model">stock.picking</field>
			<field name="inherit_id" ref="sale.stock_picking_out_inherit_sale"/>
			<field name="arch" type="xml">
				<field name="stock_journal_id" position="replace">
					<field name="stock_journal_id" invisible="1" widget="selection"/>
				</field>
				
				<xpath expr="/form/notebook/page/field[@name='move_lines']/form/group/field[@name='product_id']" position="replace">
					<field name="sale_id" colspan="4"/>
					<field name="client_order_ref" colspan="4"/>
					<field name="product_id" string="Supplier Part No" on_change="onchange_product_id(product_id,location_id,location_dest_id, parent.address_id)" colspan="4" />
					<field name="product_customer_id" colspan="4"/>
				</xpath>
				<xpath expr="/form/notebook/page/field[@name='move_lines']/tree/field[@name='product_id']" position="replace">
					<field name="sale_id"/>
					<field name="client_order_ref"/>
					<field name="product_customer_id"/>
					<field name="product_id" string="Supplier Part No"/>
				</xpath>
				<xpath expr="/form/notebook/page/group/button[@name='button_cancel']" position="replace">
					<button name="button_cancel" states="assigned" string="_Cancel" icon="gtk-cancel"/>
				</xpath>
				<xpath expr="/form/notebook/page/group/field[@name='state']" position="replace">
					<field name="state" readonly="1" widget="statusbar" statusbar_visible="draft,assigned,done"/>
				</xpath>
				<field name="name" position="after">
					<field name="temp_name"/>
					<button name="%(act_change_reference)d" string="Change Do No" type="action" icon="gtk-go-forward" states="done" colspan="2"/>
				</field>
				<field name="date" position="replace">
					<field name="created_vals"/>
					<field name="date" string="Prepared Date" readonly="1"/>
					<field name="do_date" required="1"/>
				</field>
				<button name="%(stock.act_stock_return_picking)d" position="replace">
					<button name="%(act_return_picking)d" string="Return Products2" states="done" type="action" icon="gtk-execute"/>
				</button>
				<xpath expr="/form/notebook/page/field[@name='move_lines']/form/field[@name='state']" position="before">
					<group colspan="4" col="4">
						<separator colspan="4" string="Taxes"/>
						<field colspan="4" nolabel="1" name="taxes_id"
							domain="[('parent_id','=',False),('type_tax_use','!=','purchase')]"/>
						<separator colspan="4" string="Note"/>
						<field colspan="4" nolabel="1" name="note"/>
					</group>
				</xpath>
				<xpath expr="/form/notebook/page/field[@name='move_lines']/form/group/field[@name='product_uom']" position="after">
					<field name="price_unit" colspan="4"/>
				</xpath>
				<field name="date_done" position="replace">
					<group colspan="2" col="2">
						<separator string="Date" colspan="2"/>
						<field name="date_done" invisible="1"/>
					</group>
						<group colspan="2" col="2">
							<separator string="Conditions" colspan="2"/>
							<field name="fiscal_position" widget="selection"/>
						</group>
					<group colspan="2" col="2">
						<separator string="Logistic" colspan="2"/>
						<field name="fob_id" widget="selection"/>
						<field name="sales_zone_id" widget="selection"/>
						<field name="user_id" widget="selection"/>
						<field name="ship_method_id" widget="selection"/>
						<field name="country_org_id" attrs="{'readonly':[('state','=','done')]}"/>
						<field name="country_des_id" attrs="{'readonly':[('state','=','done')]}"/>
					</group>
					<group colspan="2" col="2">
						<separator string="References" colspan="2"/>
						<field name="sale_term_id" widget="selection"/>
					</group>
				</field>
				<xpath expr="/form/notebook/page/field[@name='note']" position="before">
					<separator colspan="4" string="Header"/>
					<field colspan="4" name="header_picking" nolabel="1"/>
					<separator colspan="4" string="Footer"/>
					<field colspan="4" name="footer_picking" nolabel="1"/>
					<separator colspan="4" string="Notes"/>
				</xpath>

				<field name="move_lines" position="before">
					<field name="partner_id" string="Customer" colspan="4"/>
					<field name="partner_order_id" options='{"quick_create": false}' domain="[('partner_id','=',partner_id)]" colspan="4"/>
					<field name="partner_shipping_id" options='{"quick_create": false}' domain="[('partner_id','=',partner_id)]" colspan="4"/>
					<field name="partner_invoice_id" options='{"quick_create": false}' domain="[('partner_id','=',partner_id)]" colspan="4"/>
					<field name="pricelist_id" colspan="4"/>
				</field>

				<field name="invoice_state" position="after">
					<field name="invoiced"/>
				</field>

				<xpath expr="/form/notebook/page/field[@name='move_lines']/tree/field[@name='state']" position="after">
					<field name="price_unit"/>
					<field name="price_subtotal"/>
					<button name="%(act_change_warehouse_qty)d" string="Edit Quantity"  states="assigned"  type="action" icon="terp-gtk-go-back-rtl" />
					<button name="action_delete" states="assigned" confirm="Are you sure want to delete this record?" string="Delete" type="object" icon="gtk-cancel"/>
				</xpath>
				<button name="draft_validate" position="replace">
					<button name="draft_validate2" states="draft" string="Process Now" type="object" icon="gtk-media-play"/>
				</button>
				<button name="action_process" position="replace">
					<button name="action_process2" states="assigned" string="Process"  type="object" icon="gtk-go-forward"/>
					<button name="revert_invoice" attrs="{'invisible':[('invoice_state','!=','invoiced')]}" string="Revert To non Invoiced" type="object" icon="gtk-go-back"/>
				</button>
				<page string="Notes" position="after">
					<page string="Credit Limit / Payment Term">

						<group col="2" colspan="2">
							<field name="credit_limit"/>
							<field name="days"/>
							<field name="grace"/>
							<field name="account_receivable"/>
							<field name="credit_type"/>
							<field name="approved_credit"/>
							<field name="approved_term"/>
						</group>
						<group col="2" colspan="2">
							<field name="credit_balance"/>
							<field name="overdue_days"/>
							<field name="do_amt"/>
							<field name="credit_due_amount"/>
							<field name="do_posted_amt"/>
						</group>

						<separator string="" colspan="4"/>
						<group col="8" colspan="4">
							<field name="credit_approver" readonly="1" colspan="3"/>
							<field name="credit_date" readonly="1" colspan="3"/>
							<button name="action_approve_creditlimit" attrs="{'invisible': [('credit_approver', '=', True)]}" string="Approved Credit Limit" type="object" icon="gtk-go-forward" colspan="1"/>
							<button name="action_undo_creditlimit" attrs="{'invisible': [('credit_approver', '!=', True)]}" string="Undo Credit Limit Approved" type="object" icon="gtk-go-back" colspan="1"/>
							<field name="term_approver" readonly="1" colspan="3"/>
							<field name="term_date" readonly="1" colspan="3"/>
							<button name="action_approve_paymentterm" attrs="{'invisible': [('term_approver', '=', True)]}" string="Approved Payment Terms" type="object" icon="gtk-go-forward" colspan="1"/>
							<button name="action_undo_paymentterm" attrs="{'invisible': [('term_approver', '!=', True)]}" string="Undo Payment Terms Approved" type="object" icon="gtk-go-back" colspan="1"/>
						</group>
					</page>
					<page string="Credit Limit / Payment Term (2)">
					</page>
				</page>
				<field name="move_lines" position="after">

					<group col="6" colspan="4">
						<field name="amount_untaxed"/>
						<field name="amount_tax"/>
						<field name="amount_total"/>
					</group>

				</field>
				<xpath expr="/form/notebook" position="inside">
					<page string="History">
						<separator colspan="4" string="Invoices"/>
						<field name="account_invoice_ids" nolabel="1" colspan="4"/>
					</page>
				</xpath>
			</field>
		</record>

<!--Action Picking-->

		<record id="stock.action_picking_tree" model="ir.actions.act_window">
			<field name="name">Delivery Orders</field>
			<field name="res_model">stock.picking</field>
			<field name="type">ir.actions.act_window</field>
			<field name="view_type">form</field>
			<field name="view_mode">tree,form,calendar</field>
			<field name="domain">[('type','=','out')]</field>
			<field name="context">{'default_type': 'out'}</field>
			<field name="search_view_id" ref="stock.view_picking_out_search"/>
			<field name="help">This is the list of all delivery orders that have to be prepared, according to your different sales orders and your logistics rules.</field>
		</record>

		<record id="stock.action_picking_tree4" model="ir.actions.act_window">
			<field name="name">Incoming Shipments</field>
			<field name="res_model">stock.picking</field>
			<field name="type">ir.actions.act_window</field>
			<field name="view_type">form</field>
			<field name="view_mode">tree,form,calendar</field>
			<field name="domain">[('type','=','in')]</field>
			<field name="context">{}</field>
			<field name="search_view_id" ref="stock.view_picking_in_search"/>
			<field name="help">The Incoming Shipments is the list of all orders you will receive from your suppliers. An incoming shipment contains a list of products to be received according to the original purchase order. You can validate the shipment totally or partially.</field>
		</record>
	</data>
</openerp>