<?xml version="1.0" encoding="UTF-8"?>
<openerp>
	<data>

		<record id="fob_point_tree" model="ir.ui.view">
			<field name="name">fob.point.tree</field>
			<field name="model">fob.point.key</field>
			<field name="type">tree</field>
			<field name="arch" type="xml">
				<tree string="FOB Point Key">
					<field name="name"/>
					<field name="description"/>
				</tree>
			</field>
		</record>

		<record id="fob_point_form" model="ir.ui.view">
			<field name="name">fob.point.form</field>
			<field name="model">fob.point.key</field>
			<field name="type">form</field>
			<field name="arch" type="xml">
				<form string="FOB Point Key">
					<separator colspan="4" string="Information"/>
					<field name="name" select="1"/>
					<separator colspan="4" string="Description"/>
					<field colspan="4" name="description" nolabel="1"/>
				</form>
			</field>
		</record>

		<record id="fob_point_search" model="ir.ui.view">
			<field name="name">fob.point.search</field>
			<field name="model">fob.point.key</field>
			<field name="type">search</field>
			<field name="arch" type="xml">
				<search string="FOB Point Key">
					<field name="name"/>
				</search>
			</field>
		</record>

		<record id="action_fob_point" model="ir.actions.act_window">
			<field name="name">FOB Point Key</field>
			<field name="res_model">fob.point.key</field>
			<field name="view_type">form</field>
			<field name="view_mode">tree,form</field>
			<field name="search_view_id" ref="fob_point_search"/>
		</record>

		<menuitem action="action_fob_point"
			id="menu_action_fob_point" parent="account.menu_configuration_misc" sequence="6"/>
	</data>
</openerp>