<?xml version="1.0" encoding="UTF-8"?>
<openerp>
	<data>
		<record model="ir.ui.view" id="view_company_form_max">
			<field name="name">view.company.form.max</field>
			<field name="inherit_id" ref="base.view_company_form"/>
			<field name="model">res.company</field>
			<field name="type">form</field>
			<field name="arch" type="xml">
				<field name="currency_id" position="before">
					<field name="currency_tax_id" colspan="2"/>
				</field>
				<field name="currency_id" position="after">
					<field name="def_pur_journal_id" domain="[('type','=','purchase')]"/>
					<field name="def_sal_journal_id" domain="[('type','=','sale')]"/>
					<field name="location_id" domain="[('usage','=','internal')]"/>
					<field name="tax_id" colspan="2"/>
					<field name="supplier_tax_id" colspan="2"/>
				</field>
				<xpath expr="/form/notebook/page[@string='Bank Accounts']" position="before">
					<page string="Sequences Configuration">
						<group col="4" colspan="4">
							<group col="3" colspan="2">
								<separator string="Supplier Invoice Sequence" colspan="3"/>
								<field name="sinv_name" colspan="3"/>
								<field name="sinv_seq_id" colspan="2"/>
								<button name="btn_crt_si" string="Create SI Sequence" type="object" colspan="1"/>
							</group>
							<group col="3" colspan="2">
								<separator string="Supplier Invoice(Sundry) Sequence" colspan="3"/>
								<field name="sinv_sundry_name" colspan="3"/>
								<field name="sinv_sundry_seq_id" colspan="2"/>
								<button name="btn_crt_si_s" string="Create SI(Sundry) Sequence" type="object" colspan="1"/>
							</group>
							<group col="3" colspan="2">
								<separator string="Supplier Refunds Sequence" colspan="3"/>
								<field name="sref_name" colspan="3"/>
								<field name="sref_seq_id" colspan="2"/>
								<button name="btn_crt_sr" string="Create SR Sequence" type="object" colspan="1"/>
							</group>
							<group col="3" colspan="2">
								<separator string="Supplier Refunds(Sundry) Sequence" colspan="3"/>
								<field name="sref_sundry_name" colspan="3"/>
								<field name="sref_sundry_seq_id" colspan="2"/>
								<button name="btn_crt_sr_s" string="Create SR(Sundry) Sequence" type="object" colspan="1"/>
							</group>
							<group col="3" colspan="2">
								<separator string="Customer Refunds Sequence" colspan="3"/>
								<field name="cref_name" colspan="3"/>
								<field name="cref_seq_id" colspan="2"/>
								<button name="btn_crt_cr" string="Create CR Sequence" type="object" colspan="1"/>
							</group>
							<group col="3" colspan="2">
								<separator string="Supplier Invoice(Charges) Sequence" colspan="3"/>
								<field name="sinv_chrg_name" colspan="3"/>
								<field name="sinv_chrg_seq_id" colspan="2"/>
								<button name="btn_crt_si_c" string="Create SI(Charges) Sequence" type="object" colspan="1"/>
							</group>
							<group col="3" colspan="2">
								<separator string="Customer Invoice(Charges) Sequence" colspan="3"/>
								<field name="cinv_chrg_name" colspan="3"/>
								<field name="cinv_chrg_seq_id" colspan="2"/>
								<button name="btn_crt_ci_c" string="Create CI(Charges) Sequence" type="object" colspan="1"/>
							</group>
						</group>
					</page>
				</xpath>
			</field>
		</record>
	</data>
</openerp>