<?xml version="1.0" encoding="UTF-8"?>
<openerp>
	<data>
		<record id="view_currency_form_inherit" model="ir.ui.view">
			<field name="name">view.currency.form.inherit</field>
			<field name="model">res.currency</field>
			<field name="inherit_id" ref="base.view_currency_form"/>
			<field name="arch" type="xml">
				<field name="name" position="after">
					<newline/>
					
				</field>
				<field name="company_id" position="after">
					<newline/>
					<group col="4" colspan="4">
						<group col="3" colspan="2">
							<separator string="Sale Order Sequence" colspan="3"/>
							<field name="max_name" string="SO Currency Code" colspan="3"/>
							<field name="so_sequence_id" required="0" colspan="2"/>
							<button name="btn_create_sale" string="Create SO Sequence" type="object" colspan="1"/>
						</group>
						<group col="3" colspan="2">
							<separator string="Delivery Order Sequence" colspan="3"/>
							<field name="do_name" string="DO Currency Code" colspan="3"/>
							<field name="do_sequence_id" required="0" colspan="2"/>
							<button name="btn_create_do" string="Create DO Sequence" type="object" colspan="1"/>
						</group>
					</group>
				</field>
				<field name="rate_ids" position="after">
					<newline/>
						<field colspan="4" mode="tree,form" name="rate_ids2" nolabel="1" attrs="{'readonly':[('base','=',True)]}">
							<form string="Rates for SGD">
								<field name="name"/>
								<field name="rate"/>
							</form>
							<tree string="Rates for SGD">
								<field name="name"/>
								<field name="rate"/>
							</tree>
						</field>
				</field>
			</field>
		</record>
	</data>
</openerp>