<?xml version="1.0" encoding="UTF-8"?>
<openerp>
	<data>

		<!--Hidden -->
		<record id="account_voucher.menu_action_sale_receipt" model="ir.ui.menu">
			<field name="groups_id" eval="[(6,0,[ref('so_workflowchange.group_non_user')])]"/>
		</record>
		<record id="account_voucher.menu_action_purchase_receipt" model="ir.ui.menu">
			<field name="groups_id" eval="[(6,0,[ref('so_workflowchange.group_non_user')])]"/>
		</record>
		<!-- -->

		<record model="ir.ui.view" id="view_voucher_tree_max">
			<field name="name">view.voucher.tree.max</field>
			<field name="inherit_id" ref="account_voucher.view_voucher_tree"/>
			<field name="model">account.voucher</field>
			<field name="type">tree</field>
			<field name="arch" type="xml">
				<field name="amount" position="after">
					<field name="grand_total"/>
				</field>
			</field>
		</record>

		<record id="view_vendor_payment_form_max" model="ir.ui.view">
			<field name="name">account.voucher.payment.form.max</field>
			<field name="model">account.voucher</field>
			<field name="inherit_id" ref="account_voucher.view_vendor_payment_form"/>
			<field name="arch" type="xml">
				<xpath expr="/form/group/button[@string='Cancel']" position="replace">
					<button invisible="1" name="cancel_voucher" string="Cancel" states="draft,proforma"  icon="gtk-cancel"/>
				</xpath>
				<xpath expr="/form/group/button[@string='Unreconcile']" position="replace">
					<button name="cancel_voucher" invisible="1" string="Unreconcile" type="object" states="posted" icon="terp-stock_effects-object-colorize" confirm="Are you sure to unreconcile and cancel this record ?"/>
				</xpath>
				<!-- Remove Onchange -->
				<field name="journal_id" position="replace"/>
				<field name="date" position="replace"/>
				<field name="partner_id" position="replace">
					<field name="partner_id" required="1" invisible="context.get('line_type', False)"
						on_change="onchange_journal2(partner_id, journal_id, type, context)" 
						context="{'invoice_currency':currency_id, 'default_customer': 0, 'search_default_supplier': 1, 'default_supplier': 1}"
						string="Supplier" colspan="6"/>
					<field name="journal_id"
						domain="[('type','in',['bank', 'cash'])]"
						invisible="context.get('line_type', False)"
						widget="selection" select="1"
						on_change="onchange_journal2(partner_id, journal_id, type, context)"
						string="Payment Method"/>
					<field name="ex_rate" colspan="2"/>
					<field name="date" select="1" invisible="context.get('line_type', False)" on_change="onchange_date(date, currency_id, payment_rate_currency_id, amount, company_id, context)"/>
					<button name="action_compute" string="Compute" type="object" states="draft" colspan="2"/>
				</field>
				<!-- Remove Onchange End -->

				<field name="payment_rate" position="replace">
					<field name="payment_rate" invisible="1" required="1" on_change="onchange_rate(payment_rate, amount, currency_id, payment_rate_currency_id, company_id, context)" groups='base.group_extended' colspan="3"/>
				</field>

				<field name="payment_rate_currency_id" position="replace">
					<field name="payment_rate_currency_id" invisible="1" groups='base.group_extended' colspan="1" nolabel="1" on_change="onchange_payment_rate_currency(currency_id, payment_rate, payment_rate_currency_id, date, amount, company_id, context)"/>
				</field>

				<xpath expr="/form/notebook/page/group/group/separator[@string='Currency Options']" position="replace">
					<separator string="Currency Options" colspan="4" invisible="1"/>
				</xpath>

				<field name="reference" position="replace"/>
				<field name="name" position="replace"/>
				<xpath expr="/form/group/field[@name='amount']" position="replace"/>
				<field name="writeoff_amount" position="replace"/>
				<xpath expr="/form/notebook/page/field[@name='line_cr_ids']" position="replace">
					<field name="line_cr_ids" colspan="4" nolabel="1" context="{'journal_id':journal_id, 'partner_id':partner_id}">
						<tree string="Credits" editable="bottom" colors="gray:amount==0">
							<field name="move_line_id" context="{'journal_id':parent.journal_id, 'partner_id':parent.partner_id}"
								on_change="onchange_move_line_id2(move_line_id, parent.date, parent.journal_id)"
								domain="[('account_id.type','in',('payable','receivable')), ('reconcile_id','=', False)]"
								required="1"
								/>
							<field name="account_id" groups="base.group_no_one" domain="[('type','=','payable')]"/>
							<field name="date_original" readonly="1"/>
							<field name="invoice_no" readonly="1"/>
							<field name="date_due" readonly="1" invisible="1"/>
							<field name="due_date" readonly="1"/>
							<field name="currency_id" readonly="1"/>
							<field name="amount_org" readonly="1"/>
							<field name="amount_invoice" readonly="1" invisible="1"/>
							<field name="amount_original" readonly="1" invisible="1"/>
							<field name="amount_inv_unreconciled" readonly="1" invisible="1"/>
							<field name="amount_unreconciled" readonly="1"/>
							<field name="gain_loss" readonly="1" invisible="1"/>
							<field name="reconcile" on_change="onchange_reconcile(reconcile, amount, amount_unreconciled, context)"/>
							<field name="inv_amount" readonly="1"/>
							<field name="amount" sum="Total Allocation" on_change="onchange_amount2(amount, amount_unreconciled, amount_inv_unreconciled, context)"/>
							<field name="gain_loss_amount" readonly="1"/>
							<field name="balance_amount" sum="Total Balance"/>
						</tree>
					</field>
					<newline/>
					<group col="4" colspan="4">
						<separator string="Internal Memo" colspan="4"/>
						<field name="reference" select="1" invisible="context.get('line_type', False)" string="Payment Ref" colspan="2"/>
						<field name="cheque_no" select="1" invisible="context.get('line_type', False)" string="Cheque No" colspan="2"/>
						<field name="bank_draft_no" select="1" invisible="context.get('line_type', False)" string="Bank Draft No" colspan="2"/>
						<field name="name" colspan="2" invisible="context.get('line_type', False)"/>
					</group>
					<button name="action_refresh" string="Compute Payment" type="object" states="draft" colspan="2"/>
					<group col="4" colspan="4">
						<separator string="Payment Check" colspan="4"/>
						<field name="total_payment_amount"/>
						<field name="amount" invisible="context.get('line_type', False)"/>
						<field name="total_in_home_currency" invisible="context.get('line_type', False)"/>
						<field name="writeoff_amount"/>
						<field name="bank_charges_amount" invisible="context.get('line_type', False)"/>
						<field name="bank_charges_in_company_currency" invisible="context.get('line_type', False)"/>
						<field name="grand_total" invisible="context.get('line_type', False)"/>
						<button name="action_refresh" string="Calculate" type="object" states="draft" colspan="2"/>
					</group>
				</xpath>
				<xpath expr="/form/notebook/page/field[@name='line_dr_ids']/tree/field[@name='amount_original']" position="replace">
					<field name="currency_id" readonly="1"/>
					<field name="amount_org" readonly="1"/>
					<field name="amount_invoice" readonly="1" invisible ="1"/>
					<field name="amount_original" readonly="1" invisible="1"/>
					<field name="amount_inv_unreconciled" readonly="1" invisible="1"/>
				</xpath>

				<xpath expr="/form/notebook/page/field[@name='line_dr_ids']/tree/field[@name='date_due']" position="replace">
					<field name="invoice_no" readonly="1"/>
					<field name="date_due" readonly="1" invisible="1"/>
					<field name="due_date" readonly="1"/>
				</xpath>
				<xpath expr="/form/notebook/page/field[@name='line_dr_ids']/tree/field[@name='amount_unreconciled']" position="after">
					<field name="gain_loss" readonly="1" invisible="1"/>
				</xpath>
				<xpath expr="/form/notebook/page/field[@name='line_dr_ids']/tree/field[@name='amount']" position="replace">
					<field name="inv_amount" readonly="1"/>
					<field name="amount" sum="Total Allocation" on_change="onchange_amount2(amount, amount_unreconciled, amount_inv_unreconciled, context)"/>
					<field name="gain_loss_amount" readonly="1"/>
					<field name="balance_amount" sum="Total Balance"/>
				</xpath>
				<xpath expr="/form/notebook/page[@string='Payment Information']" position="after">
					<page string="Multiple Invoice">
						<field name="auto_fill_debit" string='Auto Fill Debit'/>
						<separator colspan="4" string="Debit Move"/>
						<field name="move_line_cr_ids" nolabel="1" colspan="4" context="{'multi_partner': partner_id, 'type': type, 'status':'credit'}">
							<tree editable="bottom">
								<field name="move_name" readonly="1"/>
								<field name="invoice"/>
								<field name="currency"/>
								<field name="amount_original"/>
								<field name="amount_res"/>
							</tree>
						</field>
						<field name="auto_fill_credit" string='Auto Fill Credit'/>
						<separator colspan="4" string="Credit Move"/>
						<field name="account_move_line_ids" nolabel="1" colspan="4" context="{'multi_partner': partner_id, 'type': type, 'status':'debit'}">
							<tree editable="bottom">
								<field name="move_name" readonly="1"/>
								<field name="invoice"/>
								<field name="currency"/>
								<field name="amount_original"/>
								<field name="amount_res"/>
							</tree>
						</field>
						<field name="auto_fill_other_credit" string='Other Fill Credit'/>
						<separator colspan="4" string="Other Credit Move"/>
						<field name="other_move_line_db_ids" nolabel="1" colspan="4" context="{'type': type, 'status':'debit'}">
							<tree editable="bottom">
								<field name="move_name" readonly="1"/>
								<field name="invoice"/>
								<field name="currency"/>
								<field name="amount_original"/>
								<field name="amount_res"/>
							</tree>
						</field>
					</page> 
				</xpath>
				<xpath expr="/form/notebook/page[@string='Journal Items']/field[@name='number']" position="replace">
					<field name="number" colspan="2"/>
					<button name="%(act_change_payment_no)d" string="Change Number No" type="action" icon="gtk-go-forward" states="posted" colspan="2"/>
				</xpath>

				<field name="payment_option" position="replace">
					<field name="payment_option" required="1"
						on_change="onchange_pay_option(payment_option, type, partner_id)"/>
				</field>

				<field name="writeoff_acc_id" position="replace">
					<field name="writeoff_acc_id"
						attrs="{'invisible':[('payment_option','=','none')], 'required':[('payment_option','!=','none')]}"
						/>
				</field>
				
		
			</field>
		</record>

		<record id="view_vendor_receipt_form_max" model="ir.ui.view">
			<field name="name">account.voucher.receipt.form.max</field>
			<field name="model">account.voucher</field>
			<field name="inherit_id" ref="account_voucher.view_vendor_receipt_form"/>
			<field name="arch" type="xml">
				<xpath expr="/form/group/button[@string='Cancel']" position="replace">
					<button invisible="1" name="cancel_voucher" string="Cancel" states="draft,proforma"  icon="gtk-cancel"/>
				</xpath>
				<xpath expr="/form/group/button[@string='Unreconcile']" position="replace">
					<button name="cancel_voucher" invisible="1" string="Unreconcile" type="object" states="posted" icon="terp-stock_effects-object-colorize" confirm="Are you sure to unreconcile and cancel this record ?"/>
				</xpath>

				<!-- Remove Onchange -->
				<field name="journal_id" position="replace"/>
				<field name="date" position="replace"/>
				<field name="partner_id" position="replace">
					<field name="partner_id" required="1" invisible="context.get('line_type', False)"
						domain="[('customer','=',True)]"
						string="Customer" on_change="onchange_journal2(partner_id, journal_id, type, context)" context="{'invoice_currency':currency_id,'search_default_customer': 1, 'default_customer': 1, 'default_supplier': 0}" colspan="6"/>
					<field name="journal_id"
						domain="[('type','in',['bank', 'cash'])]"
						invisible="context.get('line_type', False)"
						widget="selection" select="1"
						on_change="onchange_journal2(partner_id, journal_id, type, context)"
						string="Payment Method"/>
					<field name="ex_rate" colspan="2"/>
 					<field name="date" select="1" invisible="context.get('line_type', False)" on_change="onchange_date(date, currency_id, payment_rate_currency_id, amount, company_id, context)"/>
					<button name="action_compute" string="Compute" type="object" states="draft" colspan="2"/>
				</field>



				<!-- Remove Onchange End -->

				<field name="payment_rate" position="replace">
					<field name="payment_rate" invisible="1" required="1" on_change="onchange_rate(payment_rate, amount, currency_id, payment_rate_currency_id, company_id, context)" groups='base.group_extended' colspan="3"/>
				</field>
				<field name="payment_rate_currency_id" position="replace">
					<field name="payment_rate_currency_id" invisible="1" groups='base.group_extended' colspan="1" nolabel="1" on_change="onchange_payment_rate_currency(currency_id, payment_rate, payment_rate_currency_id, date, amount, company_id, context)"/>
				</field>
				<xpath expr="/form/notebook/page/group/group/separator[@string='Currency Options']" position="replace">
					<separator string="Currency Options" colspan="4" invisible="1"/>
				</xpath>


				<xpath expr="/form/group/field[@name='amount']" position="replace"/>
				<field name="reference" position="replace"/>
				<field name="name" position="replace"/>
				<field name="writeoff_amount" position="replace"/>
				<xpath expr="/form/notebook/page/field[@name='line_dr_ids']" position="replace">
					<newline/>
					<field name="line_dr_ids" colspan="4" nolabel="1"  context="{'journal_id':journal_id, 'partner_id':partner_id}" on_change="onchange_line_ids(line_dr_ids, line_cr_ids, amount, currency_id, context)">
						<tree string="Credits" editable="bottom" colors="gray:amount==0">
							<field name="move_line_id" context="{'journal_id':parent.journal_id, 'partner_id':parent.partner_id}"
								on_change="onchange_move_line_id2(move_line_id, parent.date, parent.journal_id)"
								domain="[('account_id.type','in',('payable','receivable')), ('reconcile_id','=', False)]"
								required="1"
								/>
							<field name="account_id"  groups="base.group_no_one" domain="[('type','=','receivable')]"/>
							<field name="date_original" readonly="1"/>
							<field name="invoice_no" readonly="1"/>
							<field name="date_due" readonly="1" invisible="1"/>
							<field name="due_date" readonly="1"/>
							<field name="currency_id" readonly="1"/>
							<field name="amount_org" readonly="1"/>
							<field name="amount_invoice" readonly="1" invisible ="1"/>
							<field name="amount_original" readonly="1" invisible="1"/>
							<field name="amount_inv_unreconciled" readonly="1" invisible="1"/>
							<field name="amount_unreconciled" readonly="1"/>
							<field name="gain_loss" readonly="1" invisible="1"/>
							<field name="reconcile" on_change="onchange_reconcile(reconcile, amount, amount_unreconciled, context)"/>
							<field name="inv_amount" readonly="1"/>
							<field name="amount" sum="Total Allocation" on_change="onchange_amount2(amount, amount_unreconciled, amount_inv_unreconciled, context)"/>
							<field name="gain_loss_amount" readonly="1"/>
							<field name="balance_amount" sum="Total Balance"/>
						</tree>
					</field>
					<newline/>
					<group col="4" colspan="4">
						<separator string="Internal Memo" colspan="4"/>
						<field name="reference" select="1" invisible="context.get('line_type', False)" string="Payment Ref" colspan="2"/>
						<field name="cheque_no" select="1" invisible="context.get('line_type', False)" string="Cheque No" colspan="2"/>
						<field name="bank_draft_no" select="1" invisible="context.get('line_type', False)" string="Bank Draft No" colspan="2"/>
						<field name="name" colspan="2" invisible="context.get('line_type', False)"/>
					</group>
					<button name="action_refresh" string="Compute Payment" type="object" states="draft" colspan="2"/>
					<group col="4" colspan="4">
						<separator string="Payment Check" colspan="4"/>
						<field name="total_payment_amount"/>
						<field name="amount" invisible="context.get('line_type', False)"/>
						<field name="total_in_home_currency" invisible="context.get('line_type', False)"/>
						<field name="writeoff_amount"/>
						<field name="bank_charges_amount" invisible="context.get('line_type', False)"/>
						<field name="bank_charges_in_company_currency" invisible="context.get('line_type', False)"/>
						<field name="grand_total" invisible="context.get('line_type', False)"/>
						<button name="action_refresh" string="Calculate" type="object" states="draft" colspan="2"/>
					</group>
				</xpath>


				<xpath expr="/form/notebook/page/field[@name='line_cr_ids']/tree/field[@name='date_due']" position="replace">
					<field name="invoice_no" readonly="1"/>
					<field name="date_due" readonly="1" invisible="1"/>
					<field name="due_date" readonly="1"/>
				</xpath>
		
				<xpath expr="/form/notebook/page/field[@name='line_cr_ids']/tree/field[@name='amount_original']" position="replace">
					<field name="currency_id" readonly="1"/>
					<field name="amount_org" readonly="1"/>
					<field name="amount_invoice" readonly="1" invisible="1"/>
					<field name="amount_original" readonly="1" invisible="1"/>
					<field name="amount_inv_unreconciled" readonly="1" invisible="1"/>
				</xpath>

				<xpath expr="/form/notebook/page/field[@name='line_cr_ids']/tree/field[@name='amount_unreconciled']" position="after">
					<field name="gain_loss" readonly="1" invisible="1"/>
				</xpath>
				<xpath expr="/form/notebook/page/field[@name='line_cr_ids']/tree/field[@name='amount']" position="replace">
					<field name="inv_amount" readonly="1"/>
					<field name="amount" sum="Total Allocation" on_change="onchange_amount2(amount, amount_unreconciled, amount_inv_unreconciled, context)"/>
					<field name="gain_loss_amount" readonly="1"/>
					<field name="balance_amount" sum="Total Balance"/>
				</xpath>
				<xpath expr="/form/notebook/page[@string='Payment Information']" position="after">
					<page string="Multiple Invoice">
						<field name="auto_fill_credit" string ='Auto Fill Debit'/>
						<separator colspan="4" string="Debit Move"/>
						<field name="account_move_line_ids" nolabel="1" colspan="4" context="{'multi_partner': partner_id, 'type': type, 'status':'debit'}">
							<tree editable="bottom">
								<field name="move_name" readonly="1"/>
								<field name="invoice"/>
								<field name="currency"/>
								<field name="amount_original"/>
								<field name="amount_res"/>
							</tree>
						</field>
						<field name="auto_fill_debit" string ='Auto Fill Credit'/>
						<separator colspan="4" string="Credit Move"/>
						<field name="move_line_cr_ids" nolabel="1" colspan="4" context="{'multi_partner': partner_id, 'type': type, 'status':'credit'}">
							<tree editable="bottom">
								<field name="move_name" readonly="1"/>
								<field name="invoice"/>
								<field name="currency"/>
								<field name="amount_original"/>
								<field name="amount_res"/>
							</tree>
						</field>
						<field name="auto_fill_other_credit" string ='Other Fill Credit'/>
						<separator colspan="4" string="Other Credit Move"/>
						<field name="other_move_line_cr_ids" nolabel="1" colspan="4" context="{'type': type, 'status':'credit'}">
							<tree editable="bottom">
								<field name="move_name" readonly="1"/>
								<field name="invoice"/>
								<field name="currency"/>
								<field name="amount_original"/>
								<field name="amount_res"/>
							</tree>
						</field>
					</page>
				</xpath>
				<xpath expr="/form/notebook/page[@string='Journal Items']/field[@name='number']" position="replace">
					<field name="number" colspan="2"/>
					<button name="%(act_change_payment_no)d" string="Change Number No" type="action" icon="gtk-go-forward" states="posted" colspan="2"/>
				</xpath>
				<field name="payment_option" position="replace">
					<field name="payment_option" required="1"
						on_change="onchange_pay_option(payment_option, type, partner_id)"/>
				</field>
				<field name="writeoff_acc_id" position="replace">
					<field name="writeoff_acc_id"
						attrs="{'invisible':[('payment_option','=','none')], 'required':[('payment_option','!=','none')]}"
						/>
				</field>
			</field>
		</record>

		<record model="ir.ui.view" id="view_company_form_finance">
			<field name="name">view.company.form.finance</field>
			<field name="inherit_id" ref="base.view_company_form"/>
			<field name="model">res.company</field>
			<field name="type">form</field>
			<field name="arch" type="xml">
				<notebook>
					<page string="Configuration" position="inside">
						<field name="property_currency_gain_loss"/>
					</page>
				</notebook>
			</field>
		</record>

		<record model="ir.ui.view" id="view_account_journal_form_finance">
			<field name="name">view.account.journal.form.finance</field>
			<field name="model">account.journal</field>
			<field name="type">form</field>
			<field name="inherit_id" ref="account.view_account_journal_form"/>
			<field name="arch" type="xml">
				<field name="default_credit_account_id" position="after">
					<field name="property_bank_charges"/>
				</field>
			</field>
		</record>

		<record model="ir.ui.view" id="account_move_form_finance">
			<field name="name">account.move.form.finance</field>
			<field name="inherit_id" ref="account.view_move_form"/>
			<field name="model">account.move</field>
			<field name="type">form</field>
			<field name="arch" type="xml">
				<xpath expr="/form/notebook/page/field[@name='line_id']/form/notebook/page/group/field[@name='date']" position="after">
					<field name="cur_date"/>
				</xpath>
			</field>
		</record>

		<record model="ir.ui.view" id="view_partner_property_form_finance">
			<field name="name">view.partner.property.form.finance</field>
			<field name="inherit_id" ref="account.view_partner_property_form"/>
			<field name="model">res.partner</field>
			<field name="type">form</field>
			<field name="arch" type="xml">
				<field name="credit" position="after">
					<field name="depo_credit"/>
				</field>
				<field name="debit" position="after">
					<field name="depo_debit"/>
				</field>
				<field name="property_account_receivable" position="after">
					<field name="journal_id" domain="[('type','in',['bank', 'cash'])]"/>
				</field>
			</field>
		</record>

		<record model="ir.ui.view" id="account_invoice_customer_pay_finance">
			<field name="name">account.invoice.customer.pay.finance</field>
			<field name="inherit_id" ref="account_voucher.view_invoice_customer"/>
			<field name="model">account.invoice</field>
			<field name="type">form</field>
			<field name="arch" type="xml">
				<button name="invoice_pay_customer" position="replace">
					<button name="invoice_pay_customer" type="object" string="Payment" states="open" icon="gtk-go-forward" invisible="1"/>
				</button>
			</field>
		</record>

		<record model="ir.ui.view" id="account_invoice_supplier_pay_finance">
			<field name="name">account.invoice.supplier.pay.finance</field>
			<field name="inherit_id" ref="account_voucher.view_invoice_supplier"/>
			<field name="model">account.invoice</field>
			<field name="type">form</field>
			<field name="arch" type="xml">
				<button name="invoice_pay_customer" position="replace">
					<button name="invoice_pay_customer" type="object" string="Pay Invoice" states="open" icon="gtk-go-forward" invisible="1"/>
				</button>
			</field>
		</record>

		<record id="view_move_line_tree_finance" model="ir.ui.view">
			<field name="name">account.move.line.tree.finance</field>
			<field name="model">account.move.line</field>
			<field name="type">tree</field>
			<field eval="4" name="priority"/>
			<field name="arch" type="xml">
				<tree string="Journal Items" editable="top">
					<field name="move_name" readonly="1"/>
					<field name="invoice"/>
					<field name="currency"/>
					<field name="amount_original"/>
					<field name="amount_res"/>
				</tree>
			</field>
		</record>

	</data>
</openerp>