<?xml version="1.0" encoding="UTF-8"?>
<openerp>
	<data>

		<record id="product_location_search" model="ir.ui.view">
			<field name="name">product.location.search</field>
			<field name="model">product.location</field>
			<field name="type">search</field>
			<field name="arch" type="xml">
				<search string="Product Location Search">
					<field name="stock_location_id"/>
				</search>
			</field>
		</record>
	
		<record id="action_product_location" model="ir.actions.act_window">
			<field name="name">Product Location</field>
			<field name="res_model">product.location</field>
			<field name="view_type">form</field>
			<field name="view_mode">tree,form</field>
			<field name="search_view_id" ref="product_location_search"/>
		</record>

		<menuitem action="action_product_location"
			id="menu_action_product_location" parent="stock.menu_stock_product" sequence="40"/>


		<record id="product_location_tree" model="ir.ui.view">
			<field name="name">product.location.tree</field>
			<field name="model">product.location</field>
			<field name="type">tree</field>
			<field name="arch" type="xml">
				<tree string="Product Location View">
					<field name="stock_location_id"/>
					<field name="default_key"/>
				</tree>
			</field>
		</record>

		<record id="product_location_form" model="ir.ui.view">
			<field name="name">product.location.form</field>
			<field name="model">product.location</field>
			<field name="type">form</field>
			<field name="arch" type="xml">
				<form string="Product Location">
					<field name="stock_location_id" domain="[('usage','=','internal')]"/>
					<field name="default_key"/>
				</form>
			</field>
		</record>
	</data>
</openerp>