<?xml version="1.0" encoding="utf-8"?>
<openerp>
	<data>
		<record id="product_categ_max_tree" model="ir.ui.view">
			<field name="name">product.categ.max.tree</field>
			<field name="model">product.categ.max</field>
			<field name="type">tree</field>
			<field name="arch" type="xml">
				<tree string="Product Category">
					<field name="name"/>
				</tree>
			</field>
		</record>

		<record id="product_categ_max_form" model="ir.ui.view">
			<field name="name">product.categ.max.form</field>
			<field name="model">product.categ.max</field>
			<field name="type">form</field>
			<field name="arch" type="xml">
				<form string="Product Category">
					<separator colspan="4" string="Information"/>
					<field name="name" select="1"/>
					<separator colspan="4" string="Description"/>
					<field colspan="4" name="description" nolabel="1"/>
				</form>
			</field>
		</record>

		<record id="product_categ_max_search" model="ir.ui.view">
			<field name="name">product.categ.max.search</field>
			<field name="model">product.categ.max</field>
			<field name="type">search</field>
			<field name="arch" type="xml">
				<search string="Product Category">
					<field name="name"/>
				</search>
			</field>
		</record>

		<record id="action_product_categ_max" model="ir.actions.act_window">
			<field name="name">Product Category</field>
			<field name="res_model">product.categ.max</field>
			<field name="view_type">form</field>
			<field name="view_mode">tree,form</field>
			<field name="search_view_id" ref="product_categ_max_search"/>
		</record>

		<menuitem action="action_product_categ_max"
			id="menu_action_product_categ_max" parent="product.prod_config_main" sequence="2"/>

	</data>
</openerp>
