<?xml version="1.0" encoding="utf-8"?>
<openerp>
	<data>
		<record id="sale_allocated_tree" model="ir.ui.view">
			<field name="name">sale.allocated.tree</field>
			<field name="model">sale.allocated</field>
			<field name="type">tree</field>
			<field name="arch" type="xml">
				<tree string="Purchase Allocated List">
					<field name="order_id"/>
					<field name="product_id"/>
					<field name="quantity"/>
					<field name="product_uom"/>
					<field name="received_qty"/>
					<field name="receive"/>
					<button name="reallocated" string="Re-Allocated Qty" type="object" icon="gtk-execute"/>
					<button name="unallocated" confirm="Are you sure want to Un-Allocated it?" string="Un-Allocated" type="object" icon="gtk-cancel"/>
				</tree>
			</field>
		</record>

		<record id="sale_allocated_form" model="ir.ui.view">
			<field name="name">sale.allocated.form</field>
			<field name="model">sale.allocated</field>
			<field name="type">form</field>
			<field name="arch" type="xml">
				<form string = "Purchase Allocated Form">
					<notebook>
						<page string="Purchase Allocated">
							<group colspan="4" col="5">
								<field name="order_id"/>
								<field name="sale_id"/>
								<newline/>
								<group colspan="5" col="6">
									<field name="product_id"/>
									<field name="quantity"/>
									<field name="product_uom" nolabel="1"/>
								</group>
								<group colspan="5" col="8">
									<field name="received_qty"/>
									<field name="receive"/>
									<newline/>
									<label string="" colspan="4"/>
									<group col="4" colspan="4">
										<button name="reallocated" string="Re-Allocated Qty" type="object" icon="gtk-execute"/>
										<button name="unallocated" confirm="Are you sure want to Un-Allocated it?" string="Un-Allocated" type="object" icon="gtk-cancel"/>
									</group>
								</group>
							</group>
						</page>
					</notebook>
				</form>
			</field>
		</record>
	</data>
</openerp>
