<?xml version="1.0" encoding="utf-8"?>

<openerp>
    <data>
        <record id="po_outstanding_report_view" model="ir.ui.view">
            <field name="name">PO Outstanding Report</field>
            <field name="model">po.outstanding.report</field>
            <field name="type">form</field>
            <field name="arch" type="xml">
		    <form string="Report Options">
			<separator string="PO Oustanding Report" colspan="4"/>
			<label colspan="4" nolabel="1" string="This menu prints PO Oustanding Report"/>
			<newline/>
			<separator string="Date"  colspan="4"/>
			<field name="date_from" attrs="{'required':1}"/>
			<field name="date_to" attrs="{'required':1}"/>
			<separator string="Supplier" colspan="4"/>
			<field name="partner_code_from"/>
			<field name="partner_code_to"/>
			<separator string="Purchase Order" colspan="4"/>
			<field name="po_from"/>
			<field name="po_to"/>
			<newline/>
			<field name="currency_id"/>
			<group col="4" colspan="4">
				<button icon="gtk-cancel" special="cancel" string="Cancel" colspan="2"/>
				<button icon="gtk-print" name="check_report" string="Print as CSV" type="object" colspan="2" default_focus="1" />
			</group>
		    </form>
            </field>
        </record>

        <record id="action_po_outstanding_menu" model="ir.actions.act_window">
            <field name="name">PO Outstanding</field>
            <field name="type">ir.actions.act_window</field>
            <field name="res_model">po.outstanding.report</field>
            <field name="view_type">form</field>
            <field name="view_mode">form</field>
            <field name="view_id" ref="po_outstanding_report_view"/>
            <field name="target">new</field>
        </record>

        <menuitem icon="STOCK_PRINT" name="PO Outstanding" parent="maxmega_reports.menu_maxmega_purchase_reports"
                action="action_po_outstanding_menu" id="menu_po_outstanding_report" />

        <record id="po_outstanding_result_data_view" model="ir.ui.view">
            <field name="name">PO Outstanding Report</field>
            <field name="model">po.outstanding.report</field>
            <field name="type">form</field>
            <field name="arch" type="xml">
            <form string="Report Options">
		<field name="data" filename="filename" colspan="4" readonly="1"/>
		<field name="filename" invisible="1"/>
		<separator colspan="4"/>
		<group col="4" colspan="4">
			<button icon="gtk-cancel" special="cancel" string="Cancel" colspan="2"/>
		</group>
            </form>
            </field>
        </record>

    </data>
</openerp>
