<?xml version="1.0" encoding="UTF-8"?>
<openerp>
	<data>

		<record id="purchase_sequences_tree" model="ir.ui.view">
			<field name="name">purchase.sequences.tree</field>
			<field name="model">purchase.sequences</field>
			<field name="type">tree</field>
			<field name="arch" type="xml">
				<tree string="Purchase Order Sequences">
					<field name="name"/>
					<field name="sequence_id"/>
					<field name="default_key"/>
				</tree>
			</field>
		</record>

		<record id="purchase_sequences_form" model="ir.ui.view">
			<field name="name">purchase.sequences.form</field>
			<field name="model">purchase.sequences</field>
			<field name="type">form</field>
			<field name="arch" type="xml">
				<form string="Purchase Order Sequences">
					<group colspan="2" col="2">
						<field name="name" colspan="2"/>
						<field name="sequence_id" readonly="1" colspan="2"/>
						<field name="default_key"/>
						<label string="" colspan="1"/>
						<button name="btn_create_purchase_s" string="Create Purchase Sequence" type="object" colspan="1"/>
					</group>
					<group colspan="2" col="4">
					</group> 
				</form>
			</field>
		</record>

		<record id="purchase_sequences_search" model="ir.ui.view">
			<field name="name">purchase.sequences.search</field>
			<field name="model">purchase.sequences</field>
			<field name="type">search</field>
			<field name="arch" type="xml">
				<search string="Purchase Order Sequences">
					<field name="name"/>
				</search>
			</field>
		</record>

		<record id="action_purchase_sequences" model="ir.actions.act_window">
			<field name="name">Purchase Sequences</field>
			<field name="res_model">purchase.sequences</field>
			<field name="view_type">form</field>
			<field name="view_mode">tree,form</field>
			<field name="search_view_id" ref="purchase_sequences_search"/>
		</record>

		<menuitem action="action_purchase_sequences"
			id="menu_action_purchase_sequences" parent="purchase.menu_purchase_config_purchase" sequence="70"/>
	</data>
</openerp>