<?xml version="1.0" encoding="UTF-8"?>
<openerp>
	<data>

		<!--menuitem action="action_purchase_make_incoming2" id="menu_action_purchase_make_incoming2" parent="purchase.menu_procurement_management" /-->

		<record id="purchase_view_inherit3" model="ir.ui.view">
			<field name="name">purchase.view.inherit3</field>
			<field name="model">purchase.order</field>
			<field name="inherit_id" ref="price_methodology.purchase_view_inherit"/>
			<field name="arch" type="xml">
				<xpath expr="/form/notebook/page/field[@name='order_line']/tree/field[@name='product_qty']" position="before">
					<field name="product_id"/>
					<field name="location_dest_id"/>
				</xpath>
				<xpath expr="/form/notebook/page/field[@name='order_line']/tree/field[@name='price_subtotal']" position="after">
					<button name="%(act_delete_po_line_wizard)d" string="Delete Line" type="action" icon="gtk-cancel"/>
				</xpath>
				<field name="pricelist_id" position="replace">
					<field domain="[('type','=','purchase')]" name="pricelist_id" groups="base.group_extended"
						on_change="onchange_pricelist_id(partner_id)"/>
					<newline/>
					<button name="%(act_adding_lines_po)d" string="Add Lines" type="action" icon="gtk-go-forward" states="approved"/>
				</field>
				<field name="partner_id" position="replace">
					<field name="partner_id"
						on_change="onchange_partner_id(partner_id, partner_id2, partner_child_id, contact_person_id, order_line)"
						attrs="{'readonly': [('order_line','!=',False)]}"
						domain="[('supplier','=',True)]"
						context="{'search_default_supplier':1,'default_supplier':1,'default_customer':0}"
						options='{"quick_create": false}' colspan="4"/>
				</field>
				<field name="date_order" position="before">
					<field name="purchase_sequences_id" widget="selection"/>
				</field>
				<button name="purchase_confirm" position="replace">
					<button name="purchase_confirm2" type="object" states="draft" string="Convert to Purchase Order" icon="gtk-go-forward"/>
				</button>
				<field name="invoice_method" position="replace">
					<field name="invoice_method" groups="so_workflowchange.group_non_user"/>
				</field>
				<button name="action_cancel" position="replace"/>
				<button name="purchase_cancel" position="replace">
					<button name="wkf_action_cancel" states="draft,confirmed,wait_auth,approved,except_picking,except_invoice,wait" string="Cancel" type="object" icon="gtk-cancel"/>
					<button name="%(action_purchase_make_incoming)d" string="Create Incoming"  states="approved"  type="action" icon="terp-gtk-go-back-rtl" />
				</button>
				<button name="action_cancel_draft" position="replace">
					<button name="action_cancel_draft2" states="cancel" string="Set to Draft" type="object" icon="gtk-convert"/>
				</button>
				<field name="origin" position="replace"/>
				<xpath expr="/form/notebook/page[@string='Delivery &amp; Invoicing']/group[@colspan='2']" position="after">
					<group colspan="2" col="2">
						<separator string="Logistic" colspan="2"/>
						<field name="ship_method_id" widget="selection"/>
						<field name="fob_id" widget="selection"/>
					</group>
					<group colspan="2" col="2">
						<separator string="References" colspan="2"/>
						<field name="origin" groups="base.group_extended"/>
						<field name="sale_term_id" widget="selection"/>
					</group>
					<group colspan="2" col="2">
						<separator string="Person" colspan="2"/>
						<field name="contact_person_id"/>
						<field name="requisitor_id" widget="selection"/>
						<field name="buyer_id" widget="selection"/>
					</group>
				</xpath>
				<xpath expr="/form/notebook/page[@string='Notes']" position="before">
					<page string="SPQ Approve">
						<separator colspan="4" string="SPQ Approve"/>
						<group col="8" colspan="4">
							<field name="spq_approve"/>
							<field name="spq_approve_user" readonly="1" colspan="3"/>
							<field name="spq_date" readonly="1" colspan="3"/>
							<button name="act_approve_spq" attrs="{'invisible': [('spq_approve', '=', True)]}" string="Approved SPQ" type="object" icon="gtk-go-forward" colspan="1"/>
							<button name="act_undo_approve_spq" attrs="{'invisible': [('spq_approve', '!=', True)]}" string="Un-Approved SPQ" type="object" icon="gtk-go-back" colspan="1"/>
						</group>
					</page>
				</xpath>
				<xpath expr="/form/notebook/page[@string='Notes']/field[@name='notes']" position="before">
					<separator colspan="4" string="Header"/>
					<field name="res_consigning_id" string="Po Requirement" on_change="requirement_onchange(res_consigning_id)"/>
					<field colspan="4" name="header_po" nolabel="1"/>
					<separator colspan="4" string="Footer"/>
					<field name="res_note_user_id" string="Shipping Instruction" on_change="Shipping_onchange(res_note_user_id)"/>
					<field colspan="4" name="footer_po" nolabel="1"/>
					<separator colspan="4" string="Notes"/>
				</xpath>

				<notebook position="inside">
					<page string="History">
					<separator string="Incomings" colspan="4"/>
					<newline/>
					<field name="picking_ids2" nolabel="1" colspan="4"/>
					</page>
				</notebook>
			</field>
		</record>
		<record id="purchase_view_inherit_line2" model="ir.ui.view">
			<field name="name">purchase.view.inherit.line2</field>
			<field name="model">purchase.order.line</field>
			<field name="inherit_id" ref="price_methodology.purchase_view_inherit_line"/>
			<field name="arch" type="xml">
				<field name="product_id" position="replace">
					<group colspan="4" col="10">
					<field name="product_id" string = "Part Number" colspan="6" attrs="{'readonly': [('qty_allocated_onorder','>',0)]}"
						on_change="onchange_product_id3(location_dest_id, qty_allocated_onorder,parent.company_id,parent.partner_child_id,parent.pricelist_id,product_id,product_qty,product_uom,parent.partner_id, original_request_date, parent.date_order,parent.fiscal_position,date_planned,name,price_unit,notes,context)" required="1"/>
						<field name="spq" on_change="spq_onchange(product_id,context)"/>
						<field name="moq" on_change="moq_onchange(product_id, parent.partner_child_id, context)"/>
					</group>
					<newline/>
				</field>
				<field name="product_qty" position="replace">
					<field name="product_qty" on_change="onchange_product_id3(location_dest_id, qty_allocated_onorder,parent.company_id,parent.partner_child_id,parent.pricelist_id,product_id,product_qty,product_uom,parent.partner_id, original_request_date, parent.date_order,parent.fiscal_position,date_planned,name,price_unit,notes,context)"/>
				</field>
				<field name="product_uom" position="replace">
					<field name="product_uom" string="Product UOM (*)" on_change="onchange_product_uom3(location_dest_id, qty_allocated_onorder,parent.company_id,parent.partner_child_id,parent.pricelist_id,product_id,product_qty,product_uom,parent.partner_id, original_request_date, parent.date_order,parent.fiscal_position,date_planned,name,price_unit,notes,context)"/>
				</field>
				<field name="taxes_id" position="after">
					<separator string="States" colspan="4"/>
					<field name="state" widget="statusbar" statusbar_visible="draft,confirmed,done" statusbar_colors='{"cancel":"red"}'/>
				</field>
				<field name="price_unit" position="replace">
					<field name="price_unit" string="Unit Price (*)" on_change="onchange_product_id3(location_dest_id, qty_allocated_onorder,parent.company_id,parent.partner_child_id,parent.pricelist_id,product_id,product_qty,product_uom,parent.partner_id, original_request_date, parent.date_order,parent.fiscal_position,date_planned,name,price_unit,notes,context)"/>	
					<field name="location_dest_id" domain="[('usage','=','internal')]" colspan="4" attrs="{'readonly': [('qty_allocated_onorder','>',0)]}"/>
					<button name="%(act_change_price_po)d" string="Change Price Unit" type="action" icon="gtk-go-forward" states="draft,confirmed" colspan="2" invisible="1"/>
					<button name="%(act_change_qty_po)d" string="Change Qty" type="action" icon="gtk-go-forward" states="confirmed" colspan="2"/>
				</field>
				<page string="Notes" position="after">
					<page string="Allocated" groups="base.group_extended">
						<separator string="Sales Order Allocated Lines" colspan="4"/>
						<field name="qty_allocated_onorder"/>
						<field colspan="4" name="allocated_ids" nolabel="1" widget="many2many">
							<tree string="Sale Allocated List">
								<field name="sale_id"/>
								<field name="product_id"/>
								<field name="quantity"/>
								<field name="product_uom"/>
								<field name="received_qty"/>
								<field name="receive"/>
								<button name="reallocated" string="Re-Allocated Qty" type="object" icon="gtk-execute"/>
								<button name="unallocated" confirm="Are you sure want to Un-Allocated it?" string="Un-Allocated" type="object" icon="gtk-cancel"/>
							</tree>
						</field>
						<label string="" colspan="2"/>
						<group col="4" colspan="2">
							<button name="do_refresh" string="Refresh" type="object" icon="gtk-execute" states="confirmed"/>
							<button name="%(act_allocated_so)d" string="Allocated Sale Order"  type="action" icon="gtk-go-forward" states="confirmed"/>
						</group>
					</page>
				</page>
<!--				<field name="notes" position="replace"/>-->
				<separator string="Taxes" position="before">
					<separator string="Notes" colspan="4"/>
					<field colspan="4" name="notes" nolabel="1"/>
				</separator>
				<field name="original_request_date" position="replace">
					<field name="original_request_date" string="Cost Price Effective Date" widget="date" on_change="onchange_product_id3(location_dest_id,qty_allocated_onorder,parent.company_id,parent.partner_child_id,parent.pricelist_id,product_id,product_qty,product_uom,parent.partner_id, original_request_date, parent.date_order,parent.fiscal_position,date_planned,name,price_unit,notes,context)"/>
					<button name="%(act_change_effective_po)d" string="Change Effective Date" type="action" states="confirmed" icon="gtk-go-forward"/>
				</field>

				<separator string="Stock Moves" position="before">
					<separator colspan="4" string="Change Effective History"/>
					<field colspan="4" name="effective_ids" nolabel="1">
						<tree string="Change Effective History">
							<field name="change_date" string="Effective Date"/>
							<field name="create_uid"/>
							<field name="create_date"/>
							<field name="reason" colspan="4"/>
						</tree>
						<form string="Change Effective History">
							<field name="change_date"/>
							<field name="create_uid"/>
							<field name="create_date"/>
							<field name="reason" colspan="4"/>
						</form>
					</field>
				</separator>
			</field>
		</record>
	</data>
</openerp>