<?xml version="1.0" encoding="UTF-8"?>
<openerp>
	<data>
		<record id="sale_view_inherit" model="ir.ui.view">
			<field name="name">sale.view.inherit</field>
			<field name="model">sale.order</field>
			<field name="inherit_id" ref="sale.view_order_form"/>
			<field name="arch" type="xml">
				<field name="partner_id" position="replace">
					<field name="partner_id" options='{"quick_create": false}'
						attrs="{'readonly': [('order_line','!=',False)]}"
						on_change="onchange_partner_id(partner_id, partner_id2, order_line)"
						domain="[('customer','=',True)]" context="{'search_default_customer':1}"
						required="1"/>
					<field name="partner_id2" invisible="1"/>
				</field>
				<xpath expr="/form/notebook/page/field[@name='order_line']/form/notebook/page/group/field[@name='discount']" position="replace"/>
				<xpath expr="/form/notebook/page/field[@name='order_line']/form/notebook/page/group/field[@name='price_unit']" position="replace"/>
				<xpath expr="/form/notebook/page/field[@name='order_line']/form/notebook/page/group/field[@name='product_uom_qty']" position="replace"/>
				<xpath expr="/form/notebook/page/field[@name='order_line']/form/notebook/page/group/field[@name='product_uom']" position="replace"/>
				<xpath expr="/form/notebook/page/field[@name='order_line']/form/notebook/page/group/field[@name='product_id']" position="replace">
					<group colspan="5" col="10">
						<field name="save_done"/>
						<field name="product_customer_id" colspan="6"
							on_change="onchange_product_customer_id(parent.shop_id.company_id,product_customer_id,effective_date,parent.pricelist_id,product_id,product_uom_qty,product_uom,product_uos_qty,product_uos,name,parent.partner_id,False,True,parent.date_order,product_packaging,parent.fiscal_position,False,context)"
							domain="[('partner_id','=',parent.partner_id), ('sale_ok','=',True)]"/>
						<field name="spq" on_change="spq_onchange(product_id,context)"/>
						<field name="moq" on_change="moq_onchange(product_customer_id,context)"/>
						<field colspan="3"
							context="{'partner_id':parent.partner_id, 'quantity':product_uom_qty, 'pricelist':parent.pricelist_id, 'shop':parent.shop_id, 'uom':product_uom}"
							name="product_id"
							on_change="product_id_change2(parent.shop_id.company_id,product_customer_id,effective_date,parent.pricelist_id,product_id,product_uom_qty,product_uom,product_uos_qty,product_uos,name,parent.partner_id,False,True,parent.date_order,product_packaging,parent.fiscal_position,False,context)"
							string="Part Number"/>
						<field colspan="6"
							name="product_id2"
							on_change="product_id2_onchange(product_customer_id,context)"
							string="Part Number (*)"/>
						<field
							context="{'partner_id':parent.partner_id, 'quantity':product_uom_qty, 'pricelist':parent.pricelist_id, 'shop':parent.shop_id, 'uom':product_uom}"
							on_change="product_id_change2(parent.shop_id.company_id,product_customer_id,effective_date,parent.pricelist_id,product_id,product_uom_qty,product_uom,product_uos_qty,product_uos,name,parent.partner_id,False,True,parent.date_order,product_packaging,parent.fiscal_position,False,context)"
							name="product_uom_qty"/>
						<field colspan="2" name="product_uom"
							on_change="product_uom_change2(parent.shop_id.company_id,product_customer_id,effective_date,parent.pricelist_id,product_id,product_uom_qty,product_uom,product_uos_qty,product_uos,name,parent.partner_id,False,True,parent.date_order,context)"
							nolabel="1"/>
					</group>



					<newline/>
					<group colspan="5" col="10">
						<field name="product_supplier_id" colspan="6"/>
						<field name="product_supplier_id2" colspan="6" on_change="product_supplier_id2_onchange(product_supplier_id)"/>
						<field name="price_unit"/>
						<field name="discount"/>
					</group>
				</xpath>
				<xpath expr="/form/notebook/page/field[@name='order_line']/form/notebook/page/group/field[@name='product_packaging']" position="replace">
					<field name="product_packaging"
						context="{'partner_id':parent.partner_id, 'quantity':product_uom_qty, 'pricelist':parent.pricelist_id, 'shop':parent.shop_id, 'uom':product_uom}"
						on_change="product_packaging_change2(parent.shop_id.company_id,product_customer_id,effective_date,parent.pricelist_id, product_id, product_uom_qty, product_uom, parent.partner_id, product_packaging, True, context)"
						domain="[('product_id','=',product_id)]" groups="base.group_extended"
						colspan="3"/>
					<group colspan="5" col="5" groups="base.group_extended">
						<separator string="Date" colspan="5"/>
						<newline/>
						<field name="effective_date"/>
						<newline/>
						<field name="customer_original_date"
						attrs="{'readonly': [('save_done','=',True)]}"
						on_change="cod_onchange(customer_original_date)"/>
						<field name="customer_rescheduled_date"
						attrs="{'readonly': [('save_done','=',True)]}"
						on_change="cod_onchange(customer_original_date)"/>
						<button name="%(act_change_cod)d" string="Change CRD" type="action" icon="gtk-go-forward"/>
					</group>
				</xpath>
				<xpath expr="/form/notebook/page/field[@name='order_line']/form/notebook/page/separator[@string='Invoice Lines']" position="replace"/>
				<xpath expr="/form/notebook/page/field[@name='order_line']/form/notebook/page/field[@name='invoice_lines']" position="replace">
					<separator colspan="4" string="Reschedule History"/>
					<field colspan="4" name="reschedule_ids" nolabel="1">
						<tree string="Reschedule History">
							<field name="customer_rescheduled_date" string="CRD"/>
							<field name="create_uid"/>
							<field name="create_date"/>
							<field name="reason_type"/>
							<field name="reason" colspan="4"/>
						</tree>
						<form string="Reschedule History">
							<field name="customer_rescheduled_date"/>
							<field name="create_uid"/>
							<field name="create_date"/>
							<field name="reason" colspan="4"/>
						</form>
					</field>
				</xpath>
			</field>
		</record>
	</data>
</openerp>