<?xml version="1.0" encoding="utf-8"?>
<openerp>
	<data>
		<menuitem icon="terp-partner" id="menu_maxmega_reports"	name="Maxmega Reports" sequence="-1"/>
		<menuitem id="menu_maxmega_purchase_reports" name="Purchase" parent="menu_maxmega_reports" sequence="0"/>
		<menuitem id="menu_maxmega_sale_reports" name="Sales" parent="menu_maxmega_reports" sequence="1" />	
		<menuitem id="menu_maxmega_stock_reports" name="Stock" parent="menu_maxmega_reports" sequence="2" />
		<menuitem id="menu_maxmega_account_reports" name="Financial Reports" parent="menu_maxmega_reports" sequence="3" />
		<menuitem id="menu_maxmega_account_general_report" name="General Reports" parent="menu_maxmega_account_reports" />
		<menuitem id="menu_maxmega_ar_control_report" name="AR Control Reports" parent="menu_maxmega_account_reports" />
		<menuitem id="menu_maxmega_ap_control_report" name="AP Control Reports" parent="menu_maxmega_account_reports" />

	</data>
</openerp>
