<?xml version="1.0" encoding="UTF-8"?>
<openerp>
	<data>
		<record id="res_partner_sales_zone_tree" model="ir.ui.view">
			<field name="name">res.partner.sales.zone.tree</field>
			<field name="model">res.partner.sales.zone</field>
			<field name="type">tree</field>
			<field name="arch" type="xml">
				<tree string="Sales Zone">
					<field name="name"/>
				</tree>
			</field>
		</record>

		<record id="res_partner_sales_zone_form" model="ir.ui.view">
			<field name="name">res.partner.sales.zone.form</field>
			<field name="model">res.partner.sales.zone</field>
			<field name="type">form</field>
			<field name="arch" type="xml">
				<form string="Sales Zone">
					<field name="name"/>
					<field name="note" colspan="4"/>
				</form>
			</field>
		</record>

		<record id="res_partner_sales_zone_search" model="ir.ui.view">
			<field name="name">res.partner.sales.zone.search</field>
			<field name="model">res.partner.sales.zone</field>
			<field name="type">search</field>
			<field name="arch" type="xml">
				<search string="Sales Zone">
					<field name="name"/>
				</search>
			</field>
		</record>

		<record id="action_res_partner_sales_zone" model="ir.actions.act_window">
			<field name="name">Sales Zone</field>
			<field name="res_model">res.partner.sales.zone</field>
			<field name="view_type">form</field>
			<field name="view_mode">tree,form</field>
			<field name="search_view_id" ref="res_partner_sales_zone_search"/>
		</record>

		<menuitem action="action_res_partner_sales_zone" string="Sales Zone"
			id="menu_action_sales_zone" parent="account.menu_configuration_misc" sequence="70"/>

	</data>
</openerp>