<?xml version="1.0" encoding="UTF-8"?>
<openerp>
	<data>

		<record id="account_invoice_refund_form_max" model="ir.ui.view">
			<field name="name">account.invoice.refund.form.max</field>
			<field name="model">account.invoice.refund</field>
			<field name="inherit_id" ref="account.view_account_invoice_refund"/>
			<field name="arch" type="xml">
				<field name="filter_refund" position="replace">
					<field name="filter_refund" invisible="1"/>
				</field>
			</field>
		</record>


		<record id="inh_account_invoice_select" model="ir.ui.view">
			<field name="name">inh.account.invoice.select</field>
			<field name="model">account.invoice</field>
			<field name="inherit_id" ref="account.view_account_invoice_filter"/>
			<field name="arch" type="xml">
				<field name="partner_id" position="after">
					<field name="invoice_no"/>
				</field>
			</field>
		</record>

		<record id="inh_invoice_tree" model="ir.ui.view">
			<field name="name">inh.invoice.tree</field>
			<field name="model">account.invoice</field>
			<field name="inherit_id" ref="account.invoice_tree"/>
			<field name="arch" type="xml">
				<field name="number" position="after">
					<field name="invoice_no"/>
				</field>
				<field name="date_due" position="replace">
					<field name="due_date"/>
				</field>
			</field>
		</record>

		<record id="inh_view_account_list" model="ir.ui.view">
			<field name="name">inh.view.account.list</field>
			<field name="model">account.account</field>
			<field name="inherit_id" ref="account.view_account_list"/>
			<field name="arch" type="xml">
				<field name="type" position="after">
					<field name="pl_type"/>
				</field>
			</field>
		</record>

		<record id="inh_view_account_form" model="ir.ui.view">
			<field name="name">inh.view.account.form</field>
			<field name="model">account.account</field>
			<field name="inherit_id" ref="account.view_account_form"/>
			<field name="arch" type="xml">
				<field name="user_type" position="after">
					<field name="pl_type"/>
				</field>
			</field>
		</record>

		<record id="inh_invoice_form" model="ir.ui.view">
			<field name="name">inh.invoice.form</field>
			<field name="model">account.invoice</field>
			<field name="inherit_id" ref="account.invoice_form"/>
			<field name="arch" type="xml">
				<xpath expr="/form/notebook/page/group/group/button[@name='invoice_cancel']" position="replace">
					<button name="invoice_cancel" string="Cancel" icon="gtk-cancel" invisible="1"/>
				</xpath>
				<field name="user_id" position="replace">
					<field name="sale_term_id" widget="selection"/>
					<field name="expired_term"/>
					<field name="fob_id" widget="selection"/>
					<field name="sales_zone_id" widget="selection"/>
					<field name="ship_method_id" widget="selection"/>
					<field name="user_id" widget="selection"/>
				</field>
				<field name="name" position="replace"/>
				<field name="account_id" position="replace"/>
				<field name="partner_id" position="replace"/>
				<field name="address_invoice_id" position="replace"/>
				<field name="address_contact_id" position="replace"/>
				<field name="invoice_line" position="before">
					<group colspan="4" col="2" >
						<field string="Customer"
							name="partner_id"
							on_change="onchange_partner_id(type,partner_id,partner_id2,date_invoice,payment_term, partner_bank_id,company_id, invoice_line)"
							groups="base.group_user"
							context="{'search_default_customer': 1}"
							options='{"quick_create": false}'
							attrs="{'readonly': [('invoice_line','!=',False)]}"
							domain="[('customer', '=', True)]"/>
						<field name="partner_id2"/>
						<field domain="[('partner_id','=',partner_id)]" name="address_contact_id" groups="base.group_extended" readonly="1"/>
						<field domain="[('partner_id','=',partner_id)]" name="address_invoice_id" context="{'default_partner_id': partner_id}" options='{"quick_create": false}' readonly="1"/>
					</group>
					<field domain="[('company_id', '=', company_id),('type','=', 'receivable')]" name="account_id" groups="account.group_account_user" readonly="1"/>
					<field name="name" groups="base.group_extended"/>
				</field>
				<field name="currency_id" position="replace"/>
				<field name="fiscal_position" position="replace">
					<field name="fiscal_position" groups="base.group_extended" widget="selection" options='{"quick_create": false}' readonly="1"/>
					<group colspan="2" col="4">
						<field name="charge_seq"/>
						
					</group>

					<newline/>
					<group colspan="4" col="7">
						<button name="%(act_change_journal_si)d" string="Change Journal" type="action" icon="gtk-go-forward" states="open,paid" colspan="2"/>
						<button name="%(act_change_number_inv)d" string="Change Number No" type="action" icon="gtk-go-forward" states="open,paid" colspan="2"/>
					</group>
					<newline/>
					<group colspan="4" col="7">
						<field name="currency_id" readonly="1"/>
						<field name="cur_date" readonly="1"/>
						<field name="cur_rate"/>
					</group>
				</field>
				<field name="move_id" position="after">
					<field name="inv_rate"/>
				</field>
				<field name="period_id" position="after">
					<field name="period_id" domain="[('state', '=', 'draft')]" widget="selection"/>
				</field>
			</field>
		</record>


		<record id="inh_invoice_supplier_form_max" model="ir.ui.view">
			<field name="name">inh.invoice.supplier.form.max</field>
			<field name="model">account.invoice</field>
			<field name="inherit_id" ref="account.invoice_supplier_form"/>
			<field name="arch" type="xml">
				<xpath expr="/form/notebook/page/group/group/button[@name='invoice_cancel']" position="replace">
					<button name="invoice_cancel" string="Cancel" icon="gtk-cancel" invisible="1"/>
				</xpath>
				<field name="number" position="after">
					<field name="charge_seq"/>
					
					<newline/>
					<button name="%(act_change_journal_si)d" string="Change Journal" type="action" icon="gtk-go-forward" states="open,paid" colspan="2"/>
					<button name="%(act_change_number_inv)d" string="Change Number No" type="action" icon="gtk-go-forward" states="open,paid" colspan="2"/>
				</field>
				<field name="period_id" position="replace">
					<field name="period_id" domain="[('state', '=', 'draft')]" widget="selection"/>
				</field>
				<field name="move_id" position="replace">
					<field name="move_id"/>
				</field>
				<field name="user_id" position="replace">
					<field name="sale_term_id" string="Payment Term" widget="selection"/>
					<field name="expired_term"/>
					<field name="fob_id" widget="selection"/>
					<field name="ship_method_id" widget="selection"/>
					<field name="user_id" invisible="1"/>
				</field>
				<field name="partner_id" position="replace"/>
				<field name="address_invoice_id" position="replace"/>
				<field name="address_contact_id" position="replace"/>
				<field name="account_id" position="replace">
					<group colspan="4" col="2" >
						<field string="Supplier" 
							name="partner_id" 
							on_change="onchange_partner_id(type,partner_id,partner_id2,date_invoice,payment_term, partner_bank_id,company_id, invoice_line)" 
							context="{'default_customer': 0, 'search_default_supplier': 1, 'default_supplier': 1}"
							options='{"quick_create": false}'
							attrs="{'readonly': [('invoice_line','!=',False)]}"
							domain="[('supplier', '=', True)]"/>
						<field name="partner_id2"/>
						<field domain="[('partner_id','=',partner_id)]" name="address_contact_id" groups="base.group_extended" readonly="1"/>
						<field domain="[('partner_id','=',partner_id)]" name="address_invoice_id" context="{'default_partner_id': partner_id}" options='{"quick_create": false}' readonly="1"/>
					</group>
					<field domain="[('company_id', '=', company_id), ('type', '=', 'payable')]" name="account_id" groups="account.group_account_user" readonly="1"/>
				</field>
				<field name="currency_id" position="replace"/>
				<field name="fiscal_position" position="replace">
					<field name="fiscal_position" groups="base.group_extended" widget="selection" readonly="1"/>
					<group colspan="4" col="7">
						<field name="currency_id" readonly="1"/>
						<field name="cur_date" readonly="1"/>
						<field name="cur_rate"/>
					</group>
				</field>
				<field name="move_id" position="after">
					<field name="inv_rate"/>
					<field name="ref_no"/>
					<field name="invoice_date"/>
					<field name="invoice_no"/>
				</field>
				<xpath expr="/form/notebook/page[@string='Payments']" position="before">
					<page string="Notes">
						<separator colspan="4" string="Header"/>
						<field colspan="4" name="header_invoice" nolabel="1"/>
						<separator colspan="4" string="Footer"/>
						<field colspan="4" name="footer_invoice" nolabel="1"/>
					</page>
				</xpath>
			</field>
		</record>

		<record id="view_move_form_max" model="ir.ui.view">
			<field name="name">view.move.form.max</field>
			<field name="model">account.move</field>
			<field name="inherit_id" ref="account.view_move_form"/>
			<field name="arch" type="xml">
				<field name="date" position="after">
					<field name="picking_id"/>
				</field>
				<xpath expr="/form/notebook/page[@string='Journal Items']/field/form/notebook/page/group/field[@name='statement_id']" position="before">
					<field name="stock_move_id"/>
				</xpath>
			</field>
		</record>

		<!--record id="invoice_form_cancel_inherit_max" model="ir.ui.view">
			<field name="name">invoice.form.cancel.inherit.max</field>
			<field name="model">account.invoice</field>
			<field name="type">form</field>
			<field name="inherit_id" ref="account.account.invoice_form"/>
			<field name="arch" type="xml">
				<xpath expr="/form/notebook/page/group/group/button[@name='invoice_cancel']" position="replace">
					<button name="invoice_cancel" string="Cancel" icon="gtk-cancel" invisible="1"/>
				</xpath>
			</field>
		</record>

		<record id="invoice_supplier_cancel_form_inherit_max" model="ir.ui.view">
			<field name="name">invoice.supplier.cancel.form.inherit.max</field>
			<field name="model">account.invoice</field>
			<field name="type">form</field>
			<field name="inherit_id" ref="account.invoice_supplier_form"/>
			<field name="arch" type="xml">
				<xpath expr="/form/notebook/page/group/group/button[@name='invoice_cancel']" position="replace">
					<button name="invoice_cancel" string="Cancel" icon="gtk-cancel" invisible="1"/>
				</xpath>
			</field>
		</record-->

	</data>
</openerp>