<?xml version="1.0" encoding="utf-8"?>

<openerp>
    <data>
        <record id="maxmega_credit_note_report_view" model="ir.ui.view">
            <field name="name">Credit Note Report</field>
            <field name="model">maxmega.credit.note.report</field>
            <field name="type">form</field>
            <field name="arch" type="xml">
		    <form string="Report Options">
			<separator string="Date"  colspan="4"/>
			<field name="date_from" attrs="{'required':1}"/>
			<field name="date_to" attrs="{'required':1}"/>
			<newline/>
			<group col="4" colspan="4">
				<button icon="gtk-cancel" special="cancel" string="Cancel" colspan="2"/>
				<button icon="gtk-print" name="check_report" string="Print as CSV" type="object" colspan="2" default_focus="1" />
			</group>
		    </form>
            </field>
        </record>

        <record id="action_maxmega_credit_note_report_menu" model="ir.actions.act_window">
            <field name="name">Credit Note Report</field>
            <field name="type">ir.actions.act_window</field>
            <field name="res_model">maxmega.credit.note.report</field>
            <field name="view_type">form</field>
            <field name="view_mode">form</field>
            <field name="view_id" ref="maxmega_credit_note_report_view"/>
            <field name="target">new</field>
        </record>

        <menuitem icon="STOCK_PRINT" name="Credit Note Report" parent="maxmega_reports.menu_maxmega_sale_reports"
                action="action_maxmega_credit_note_report_menu" id="menu_maxmega_credit_note_report" />

        <record id="maxmega_credit_note_result_data_view" model="ir.ui.view">
            <field name="name">Credit Note Report</field>
            <field name="model">maxmega.credit.note.report</field>
            <field name="type">form</field>
            <field name="arch" type="xml">
            <form string="Report Options">
		<field name="data" filename="filename" colspan="4" readonly="1"/>
		<field name="filename" invisible="1"/>
		<separator colspan="4"/>
		<group col="4" colspan="4">
			<button icon="gtk-cancel" special="cancel" string="Cancel" colspan="2"/>
		</group>
            </form>
            </field>
        </record>

    </data>
</openerp>
