<?xml version="1.0" encoding="utf-8"?>

<openerp>
    <data>
        <record id="so_outstanding_report_view" model="ir.ui.view">
            <field name="name">SO Outstanding Report</field>
            <field name="model">so.outstanding.report</field>
            <field name="type">form</field>
            <field name="arch" type="xml">
		    <form string="Report Options">
			<separator string="SO Oustanding Report" colspan="4"/>
			<label colspan="4" nolabel="1" string="This menu prints SO Oustanding Report"/>
			<newline/>
			<separator string="Date"  colspan="4"/>
			<field name="date_from" attrs="{'required':1}"/>
			<field name="date_to" attrs="{'required':1}"/>
			<separator string="Customer" colspan="4"/>
			<field name="partner_code_from"/>
			<field name="partner_code_to"/>
			<separator string="Sale Order" colspan="4"/>
			<field name="so_from"/>
			<field name="so_to"/>
			<newline/>
			<field name="currency_id"/>
			<group col="4" colspan="4">
				<button icon="gtk-cancel" special="cancel" string="Cancel" colspan="2"/>
				<button icon="gtk-print" name="check_report" string="Print as CSV" type="object" colspan="2" default_focus="1" />
			</group>
		    </form>
            </field>
        </record>

        <record id="action_so_outstanding_menu" model="ir.actions.act_window">
            <field name="name">SO Outstanding</field>
            <field name="type">ir.actions.act_window</field>
            <field name="res_model">so.outstanding.report</field>
            <field name="view_type">form</field>
            <field name="view_mode">form</field>
            <field name="view_id" ref="so_outstanding_report_view"/>
            <field name="target">new</field>
        </record>

        <menuitem icon="STOCK_PRINT" name="SO Outstanding" parent="maxmega_reports.menu_maxmega_sale_reports"
                action="action_so_outstanding_menu" id="menu_so_outstanding_report" />

        <record id="so_outstanding_result_data_view" model="ir.ui.view">
            <field name="name">SO Outstanding Report</field>
            <field name="model">so.outstanding.report</field>
            <field name="type">form</field>
            <field name="arch" type="xml">
		    <form string="Report Options">
			<field name="data" filename="filename" colspan="4" readonly="1"/>
			<field name="filename" invisible="1"/>
			<separator colspan="4"/>
			<group col="4" colspan="4">
				<button icon="gtk-cancel" special="cancel" string="Cancel" colspan="2"/>
			</group>
		    </form>
            </field>
        </record>

    </data>
</openerp>
