<?xml version="1.0" encoding="UTF-8"?>
<openerp>
	<data>

		<record model="ir.ui.view" id="view_sales_receipt_form">
			<field name="name">account.sales.receipt.form</field>
			<field name="model">account.voucher</field>
			<field name="type">form</field>
			<field name="arch" type="xml">
				<form string="Sales Receipt">
					<group col="6" colspan="4">
						<field name="partner_id" invisible="context.get('line_type', False)" string="Customer" on_change="onchange_journal2(partner_id, journal_id, type, context)" context="{'search_default_customer': 1}" colspan="6"/>
						<field name="journal_id"
							domain="[('type','in',['bank', 'cash'])]"
							invisible="context.get('line_type', False)"
							widget="selection" select="1"
							on_change="onchange_journal2(partner_id, journal_id, type, context)"
							string="Payment Method"/>
						<field name="ex_rate" colspan="2"/>
						<field name="date" select="1" invisible="context.get('line_type', False)" on_change="onchange_date(date, currency_id, payment_rate_currency_id, amount, company_id, context)"/>


						<field name="company_id" widget="selection" groups="base.group_multi_company"/>
						<field name="simplified" invisible="1"/>
						<field name="account_id"
							widget="selection"
							invisible="True"/>
						<field name="account_id"
							widget="selection"
							invisible="True"/>
						<field name="pre_line" invisible="1"/>
						<field name="type" invisible="1"/>
						<field name="currency_id" invisible="1" colspan="4"/>
					</group>
					<notebook colspan="4">
						<page string="Receipt Information">

							<field name="simple_line_cr_ids" context="{'journal_id':journal_id, 'type':type, 'partner_id':partner_id}" colspan="4" nolabel="1" height="140">
								<tree string="Expense Lines" editable="bottom" colors="gray:amount==0">
									<field name="name"/>
									<field name="account_id"/>
									<field name="amount" sum="Total Allocation"/>
								</tree>
							</field>
							<group col="4" colspan="4">
								<separator string="Internal Memo" colspan="4"/>
								<field name="reference" select="1" invisible="context.get('line_type', False)" string="Payment Ref" colspan="2"/>
								<field name="cheque_no" select="1" invisible="context.get('line_type', False)" string="Cheque No" colspan="2"/>
								<field name="bank_draft_no" select="1" invisible="context.get('line_type', False)" string="Bank Draft No" colspan="2"/>
								<field name="name" colspan="2" invisible="context.get('line_type', False)"/>
							</group>
							<button name="action_refresh" string="Compute Payment" type="object" states="draft" colspan="2"/>
							<group col="4" colspan="4">
								<separator string="Payment Check" colspan="4"/>
								<field name="total_payment_amount"/>
								<field name="amount" invisible="context.get('line_type', False)"/>
								<field name="total_in_home_currency" invisible="context.get('line_type', False)"/>
								<field name="writeoff_amount"/>
								<field name="bank_charges_amount" invisible="context.get('line_type', False)"/>
								<field name="bank_charges_in_company_currency" invisible="context.get('line_type', False)"/>
								<field name="grand_total" invisible="context.get('line_type', False)"/>
								<button name="action_refresh" string="Calculate" type="object" states="draft" colspan="2"/>
							</group>
							<group col="2" colspan="3">
								<separator string="Internal Notes" colspan="2"/>
								<field name="narration" colspan="2" nolabel="1"/>
							</group>
							<group col="2" colspan="1">
								<group col="4" colspan="1">
									<field name="is_multi_currency" invisible="1"/>
									<field name="payment_rate" required="1" invisible="1" on_change="onchange_rate(payment_rate, amount, currency_id, payment_rate_currency_id, company_id, context)" groups='base.group_extended' colspan="3"/>
									<field name="payment_rate_currency_id" invisible="1" groups='base.group_extended' colspan="1" nolabel="1" on_change="onchange_payment_rate_currency(currency_id, payment_rate, payment_rate_currency_id, date, amount, company_id, context)"/>
									<field name="paid_amount_in_company_currency" groups='base.group_extended' colspan="4" invisible="1"/>
								</group>
								<group col="2" colspan="1">
									<separator string="Payment Options" colspan="2"/>
									<field name="payment_option" required="1"
										on_change="onchange_pay_option(payment_option, type, partner_id)"/>
									<field name="writeoff_acc_id"
										attrs="{'invisible':[('payment_option','=','none')], 'required':[('payment_option','!=','none')]}"
										/>
									<field name="comment"
										attrs="{'invisible':[('payment_option','!=','with_writeoff')]}"/>
									<field name="analytic_id"
										groups="analytic.group_analytic_accounting"/>
								</group>
							</group>
						</page>
						<page string="Journal Items" groups="base.group_extended" attrs="{'invisible': [('state','!=','posted')]}">
							<group col="6" colspan="4">
								<field name="period_id"/>
								<field name="audit"/>
							</group>
							<field name="number" colspan="4"/>
							<field name="move_ids" colspan="4" nolabel="1" readonly="1">
								<tree string="Journal Items">
									<field name="move_id"/>
									<field name="ref"/>
									<field name="date"/>
									<field name="statement_id"/>
									<field name="partner_id"/>
									<field name="account_id"/>
									<field name="name"/>
									<field name="debit"/>
									<field name="credit"/>
									<field name="state"/>
									<field name="reconcile_id"/>
									<field name="amount_currency"/>
									<field name="currency_id"/>
								</tree>
							</field>
						</page>
					</notebook>
					<group col="10" colspan="4">
						<field name="state" widget="statusbar" statusbar_visible="draft,posted" statusbar_colors='{"proforma":"blue"}'/>
						<button name="proforma_voucher" string="Validate" states="draft" icon="gtk-go-forward" invisible="context.get('line_type', False)"/>
					</group>
				</form>
			</field>
		</record>

		<record id="action_sales_receipt" model="ir.actions.act_window">
			<field name="name">Sales Receipt</field>
			<field name="res_model">account.voucher</field>
			<field name="view_type">form</field>
			<field name="domain">[('journal_id.type', 'in', ['bank', 'cash']), ('type','=','receipt'), ('simplified','=',True)]</field>
			<field name="context">{'type':'receipt','simplified': True}</field>
			<field name="view_id" eval="False"/>
			<field name="search_view_id" ref="account_voucher.view_voucher_filter_customer_pay"/>
			<field name="target">current</field>
			<field name="help">Sales payment allows you to register the payments you receive from your customers. In order to record a payment, you must enter the customer, the payment method (=the journal) and the payment amount. OpenERP will propose to you automatically the reconciliation of this payment with the open invoices or sales receipts.</field>
		</record>
 
		<record id="action_sales_receipt_tree" model="ir.actions.act_window.view">
			<field eval="1" name="sequence"/>
			<field name="view_mode">tree</field>
			<field name="act_window_id" ref="action_sales_receipt"/>
		</record>

		<record id="action_sales_receipt_form" model="ir.actions.act_window.view">
			<field eval="2" name="sequence"/>
			<field name="view_mode">form</field>
			<field name="view_id" ref="view_sales_receipt_form"/>
			<field name="act_window_id" ref="action_sales_receipt"/>
		</record>

		<menuitem action="action_sales_receipt" icon="STOCK_JUSTIFY_FILL" sequence="20"
			id="menu_action_sales_receipt" parent="account.menu_finance_receivables"/>


		<record model="ir.ui.view" id="view_purchase_payment_form">
			<field name="name">account.purchase.payment.form</field>
			<field name="model">account.voucher</field>
			<field name="type">form</field>
			<field name="arch" type="xml">
				<form string="Bill Payment">
					<group col="6" colspan="4">
						<field name="partner_id" invisible="context.get('line_type', False)"
							on_change="onchange_journal2(partner_id, journal_id, type, context)" 
							context="{'invoice_currency':currency_id, 'default_customer': 0, 'search_default_supplier': 1, 'default_supplier': 1}"
							string="Supplier" colspan="6"/>
						<field name="journal_id"
							domain="[('type','in',['bank', 'cash'])]"
							invisible="context.get('line_type', False)"
							widget="selection" select="1"
							on_change="onchange_journal2(partner_id, journal_id, type, context)"
							string="Payment Method"/>
						<field name="ex_rate" colspan="2"/>
						<field name="date" select="1" invisible="context.get('line_type', False)" on_change="onchange_date(date, currency_id, payment_rate_currency_id, amount, company_id, context)"/>
						<field name="company_id" widget="selection" groups="base.group_multi_company"/>
						<field name="simplified" invisible="1"/>
						<field name="account_id"
							widget="selection"
							invisible="True"/>
						<field name="account_id"
							widget="selection"
							invisible="True"/>
						<field name="pre_line" invisible="1"/>
						<field name="type" invisible="1"/>
						<field name="currency_id" invisible="1" colspan="4"/>
					</group>
					<notebook colspan="4">
						<page string="Payment Information">
							<field name="simple_line_dr_ids" context="{'journal_id':journal_id, 'type':type, 'partner_id':partner_id}" colspan="4" nolabel="1" height="140">
								<tree string="Expense Lines" editable="bottom" colors="gray:amount==0">
									<field name="name"/>
									<field name="account_id"/>
									<field name="amount" sum="Total Allocation"/>
								</tree>
							</field>
							<group col="4" colspan="4">
								<separator string="Internal Memo" colspan="4"/>
								<field name="reference" select="1" invisible="context.get('line_type', False)" string="Payment Ref" colspan="2"/>
								<field name="cheque_no" select="1" invisible="context.get('line_type', False)" string="Cheque No" colspan="2"/>
								<field name="bank_draft_no" select="1" invisible="context.get('line_type', False)" string="Bank Draft No" colspan="2"/>
								<field name="name" colspan="2" invisible="context.get('line_type', False)"/>
							</group>
							<button name="action_refresh" string="Compute Payment" type="object" states="draft" colspan="2"/>
							<group col="4" colspan="4">
								<separator string="Payment Check" colspan="4"/>
								<field name="total_payment_amount"/>
								<field name="amount" invisible="context.get('line_type', False)"/>
								<field name="total_in_home_currency" invisible="context.get('line_type', False)"/>
								<field name="writeoff_amount"/>
								<field name="bank_charges_amount" invisible="context.get('line_type', False)"/>
								<field name="bank_charges_in_company_currency" invisible="context.get('line_type', False)"/>
								<field name="grand_total" invisible="context.get('line_type', False)"/>
								<button name="action_refresh" string="Calculate" type="object" states="draft" colspan="2"/>
							</group>
							<group col="2" colspan="3">
								<separator string="Internal Notes" colspan="2"/>
								<field name="narration" colspan="2" nolabel="1"/>
							</group>
							<group col="2" colspan="1">
								<group col="4" colspan="1">
									<field name="is_multi_currency" invisible="1"/>
									<field name="payment_rate" required="1" invisible="1" on_change="onchange_rate(payment_rate, amount, currency_id, payment_rate_currency_id, company_id, context)" groups='base.group_extended' colspan="3"/>
									<field name="payment_rate_currency_id" invisible="1" groups='base.group_extended' colspan="1" nolabel="1" on_change="onchange_payment_rate_currency(currency_id, payment_rate, payment_rate_currency_id, date, amount, company_id, context)"/>
									<field name="paid_amount_in_company_currency" groups='base.group_extended' colspan="4" invisible="1"/>
								</group>
								<group col="2" colspan="1">
									<separator string="Payment Options" colspan="2"/>
									<field name="payment_option" required="1"
										on_change="onchange_pay_option(payment_option, type, partner_id)"/>
									<field name="writeoff_acc_id"
										attrs="{'invisible':[('payment_option','=','none')], 'required':[('payment_option','!=','none')]}"
										/>
									<field name="comment"
										attrs="{'invisible':[('payment_option','!=','with_writeoff')]}"/>
									<field name="analytic_id"
										groups="analytic.group_analytic_accounting"/>
								</group>
							</group>
						</page>
						<page string="Journal Items" groups="base.group_extended" attrs="{'invisible': [('state','!=','posted')]}">
							<group col="6" colspan="4">
								<field name="period_id"/>
								<field name="audit"/>
							</group>
							<field name="number" colspan="4"/>
							<field name="move_ids" colspan="4" nolabel="1" readonly="1">
								<tree string="Journal Items">
									<field name="move_id"/>
									<field name="ref"/>
									<field name="date"/>
									<field name="statement_id"/>
									<field name="partner_id"/>
									<field name="account_id"/>
									<field name="name"/>
									<field name="debit"/>
									<field name="credit"/>
									<field name="state"/>
									<field name="reconcile_id"/>
									<field name="amount_currency"/>
									<field name="currency_id"/>
								</tree>
							</field>
						</page>
					</notebook>
					<group col="10" colspan="4">
						<field name="state" widget="statusbar" statusbar_visible="draft,posted" statusbar_colors='{"proforma":"blue"}'/>
						<button name="proforma_voucher" string="Validate" states="draft" icon="gtk-go-forward" invisible="context.get('line_type', False)"/>
					</group>
				</form>
			</field>
		</record>


		<record id="action_purchase_payment" model="ir.actions.act_window">
			<field name="name">Purchase Payment</field>
			<field name="res_model">account.voucher</field>
			<field name="view_type">form</field>
			<field name="domain">[('journal_id.type', 'in', ['bank', 'cash']), ('type','=','payment'), ('simplified','=',True)]</field>
			<field name="context">{'type':'payment','simplified': True}</field>
			<field name="view_id" eval="False"/>
			<field name="search_view_id" ref="account_voucher.view_voucher_filter_vendor_pay"/>
			<field name="target">current</field>
			<field name="help">The Purchase payment form allows you to track the payment you do to your suppliers. When you select a supplier, the payment method and an amount for the payment, OpenERP will propose to reconcile your payment with the open supplier invoices or bills.</field>
		</record>

		<record id="action_purchase_payment_tree" model="ir.actions.act_window.view">
			<field eval="1" name="sequence"/>
			<field name="view_mode">tree</field>
			<field name="act_window_id" ref="action_purchase_payment"/>
		</record>

		<record id="action_purchase_payment_form" model="ir.actions.act_window.view">
			<field eval="2" name="sequence"/>
			<field name="view_mode">form</field>
			<field name="view_id" ref="view_purchase_payment_form"/>
			<field name="act_window_id" ref="action_purchase_payment"/>
		</record>

		<menuitem action="action_purchase_payment" icon="STOCK_JUSTIFY_FILL" sequence="20"
			id="menu_action_purchase_payment"  parent="account.menu_finance_payables"/>

	</data>
</openerp>