<?xml version="1.0" encoding="utf-8"?>
<openerp>
	<data>

		<record id="max_security_partner_account_view" model="ir.ui.view">
			<field name="name">max.security.partner.account.view</field>
			<field name="model">res.partner</field>
			<field name="inherit_id" ref="account.view_partner_property_form"/>
			<field name="arch" type="xml">
				<field name="property_account_receivable" position="replace">
					<field name="property_account_receivable"/>
				</field>
				<field name="property_account_payable" position="replace">
					<field name="property_account_payable"/>
				</field>
			</field>
		</record>

	</data>
</openerp>
