<?xml version="1.0" encoding="UTF-8"?>
<openerp>
	<data>
		<record id="product_view_max" model="ir.ui.view">
			<field name="name">product.view.max</field>
			<field name="model">product.product</field>
			<field name="inherit_id" ref="product.product_normal_form_view"/>
			<field name="arch" type="xml">
				<field name="type" position="replace">
					<field name="type" invisible="1"/>
				</field>
				<field name="procure_method" position="replace">
					<field name="procure_method" invisible="1"/>
				</field>
				<field name="supply_method" position="replace">
					<field name="supply_method" invisible="1"/>
				</field>
				<field name="list_price" position="replace">
					<field name="list_price" invisible="1"/>
				</field>
				<field name="cost_method" position="replace">
					<field name="cost_method" invisible="1"/>
				</field>
				<xpath expr="/form/notebook/page[@string='Information']/group/separator[@string='Base Prices']" position="replace">
					<separator string="Base Prices" colspan="2" invisible="1"/>
				</xpath>
				<xpath expr="/form/notebook/page[@string='Information']/group/separator[@string='Weights']" position="replace">
					<separator string="Weights" colspan="2" invisible="1"/>
				</xpath>
				<field name="volume" position="replace">
					<field invisible="1" digits="(14, 3)" name="volume" attrs="{'readonly':[('type','=','service')]}"/>
				</field>
				<field name="weight" position="replace">
					<field invisible="1" name="weight" attrs="{'readonly':[('type','=','service')]}"/>
				</field>
				<field name="weight_net" position="replace">
					<field invisible="1" name="weight_net" attrs="{'readonly':[('type','=','service')]}"/>
				</field>

				<xpath expr="/form/notebook/page[@string='Information']/group/separator[@string='Status']" position="replace">
					<separator string="Status" colspan="2" invisible="1"/>
				</xpath>

				<field name="state" position="replace">
					<field name="state" invisible="1"/>
				</field>
				<field name="categ_id" position="replace"/>
				<field name="product_manager" position="replace"/>
				<xpath expr="/form/notebook/page[@string='Procurement &amp; Locations']" position="replace">
					<page string="Procurement &amp; Locations" invisible="1">
						<group colspan="2" col="2" name="delay">
							<separator string="Delays" colspan="2"/>
							<field name="sale_delay" attrs="{'readonly':[('sale_ok','=',0)]}"/>
							<field name="produce_delay"/>
							<field name="warranty"/>
						</group>
						<group colspan="2" col="2" name="store">
							<separator string="Storage Localisation" colspan="2"/>
							<field name="loc_rack" attrs="{'readonly':[('type','=','service')]}" />
							<field name="loc_row" attrs="{'readonly':[('type','=','service')]}"/>
							<field name="loc_case" attrs="{'readonly':[('type','=','service')]}"/>
						</group>
					
						<group colspan="2" col="2" name="misc" groups="base.group_extended">
							<separator string="Miscellaneous" colspan="2"/>
							<field name="active"/>
							<field name="company_id" groups="base.group_multi_company" widget="selection"/>
						</group>
					
					</page>
				</xpath>
				<xpath expr="/form/notebook/page[@string='Suppliers']" position="replace">
					<page string="Suppliers" invisible="1">
						<field colspan="4" name="seller_ids" nolabel="1" context="{'uom_id': uom_id}"/>
					</page>
				</xpath>
				<xpath expr="/form/notebook/page[@string='Packaging']" position="replace">
					<page string="Packaging" invisible="1">
						<field colspan="4" name="packaging" nolabel="1">
							<form string="Packaging">
								<field name="ean"/>
								<field name="sequence" invisible="1"/>
								<newline/>
								<field name="qty"/>
								<field name="ul"/>
								<field name="weight_ul"/>
								<separator colspan="4" string="Palletization"/>
								<field name="ul_qty"/>
								<field name="rows"/>
								<field name="weight"/>
								<separator colspan="4" string="Pallet Dimension"/>
								<field name="height"/>
								<field name="width"/>
								<field name="length"/>
								<separator colspan="4" string="Description"/>
								<field colspan="4" name="name" nolabel="1"/>
							</form>
						</field>
					</page>
				</xpath>
			</field>
		</record>

		<record id="product_view_max2" model="ir.ui.view">
			<field name="name">product.view.max2</field>
			<field name="model">product.product</field>
			<field name="inherit_id" ref="stock.view_product_standard_price_form"/>
			<field name="arch" type="xml">
				<xpath expr="/form/notebook/page[@string='Information']/group/label[@string='Cost Price :']" position="replace">
					<label string="Cost Price :" align="1.0" invisible="1"/>
				</xpath>
				<field name="standard_price" position="replace">
					<field name="standard_price" attrs="{'readonly':[('cost_method','=','average')]}" invisible="1" nolabel="1"/>
				</field>
				<button name="%(stock.action_view_change_standard_price)d" position="replace">
					<button name="%(stock.action_view_change_standard_price)d" string="Update"
						type="action" icon="gtk-execute" invisible="1"/>	
				</button>
			</field>
		</record>
		<record id="product_view_inherit" model="ir.ui.view">
			<field name="name">product.view.inherit</field>
			<field name="model">product.product</field>
			<field name="inherit_id" ref="price_methodology.product_normal_form_view"/>
			<field name="arch" type="xml">
				<page string="Accounting" position="after">
					<page string="Location">
						<separator colspan="4" string="Location Detail"/>
						<field colspan="4" name="location_ids" nolabel="1"/>
					</page>
				</page>
			</field>
		</record>

		<record id="product_view_max_inherit" model="ir.ui.view">
			<field name="name">product.view.max.inherit</field>
			<field name="model">product.product</field>
			<field name="inherit_id" ref="procurement.product_normal_form_view"/>
			<field name="arch" type="xml">
				<xpath expr="/form/notebook/page[@string='Procurement &amp; Locations']/group/separator[@string='Minimum Stock Rules']" position="replace"/>
				<field name="orderpoint_ids" position="replace"/>
				<field name="procure_method" position="after">
					<field name="orderpoint_ids" context="{'default_product_uom': uom_id}" nolabel="1" invisible="1">
						<tree string="Minimum Stock Rule" editable="bottom">
							<field name="warehouse_id" on_change="onchange_warehouse_id(warehouse_id)" widget="selection"/>
							<field name="location_id" groups="base.group_extended"/>
							<field name="product_min_qty"/>
							<field name="product_max_qty"/>
							<field name="product_uom" groups="base.group_extended"/>
						</tree>
					</field>
				</field>
			</field>
		</record>

		<record id="view_normal_property_max_form" model="ir.ui.view">
			<field name="name">view.normal.property.max.form</field>
			<field name="model">product.product</field>
			<field name="inherit_id" ref="stock.view_normal_property_form"/>
			<field name="arch" type="xml">
				<separator string="Counter-Part Locations Properties" position="replace"/>
				<field name="property_stock_procurement" position="replace"/>
				<field name="property_stock_production" position="replace"/>
				<field name="property_stock_inventory" position="replace"/>
				<field name="procure_method" position="after">
					<field name="property_stock_procurement" invisible="1" attrs="{'readonly':[('type','=','service')]}" domain="[('usage','=','procurement')]"/>
					<field name="property_stock_production" invisible="1" attrs="{'readonly':[('type','=','service')]}" domain="[('usage','=','production')]"/>
					<field name="property_stock_inventory"  invisible="1" attrs="{'readonly':[('type','=','service')]}" domain="[('usage','=','inventory')]"/>
				</field>
			</field>
		</record>

		<record id="product_view_inherits" model="ir.ui.view">
			<field name="name">product.view.inherits</field>
			<field name="model">product.product</field>
			<field name="inherit_id" ref="stock.view_normal_stock_property_form"/>
			<field name="arch" type="xml">


				<xpath expr="/form/notebook/page[@string='Information']/group/separator[@string='Lots']" position="replace"/>
				<field name="track_production" position="replace"/>
				<field name="track_incoming" position="replace"/>
				<field name="track_outgoing" position="replace"/>

				<xpath expr="/form/notebook/page[@string='Information']/group[@name='lot']" position="replace">
					<separator string="Lots" colspan="4" invisible="1"/>
					<field name="track_production" invisible="1"/>
					<field name="track_incoming" invisible="1"/>
					<field name="track_outgoing" invisible="1"/>
				</xpath>

				<button name="%(stock.action_view_change_product_quantity)d" position="replace">
					<button name="%(stock.action_view_change_product_quantity)d" string="Update"
						type="action" icon="gtk-execute" invisible="1"/>
				</button>

				<xpath expr="/form/notebook/page[@string='Information']/group/separator[@string='Expected Stock Variations']" position="replace"/>
				<field name="incoming_qty" position="replace"/>
				<field name="outgoing_qty" position="replace"/>

				<xpath expr="/form/notebook/page[@string='Information']/group[@name='stock_variations']" position="replace">
					<separator string="Expected Stock Variations" colspan="2" invisible="1"/>
					<field name="incoming_qty" invisible="1"/>
					<field name="outgoing_qty" invisible="1"/>
				</xpath>
				<field name="type" position="before">
					<field name="brand_id"/>
					<field name="max_categ_id"/>
					<field name="spq"/>
					<field name="categ_id"/>
					<field name="product_manager"/>
					<field name="lead_time"/>
					<field name="brand_name" invisible="1"/>
				</field>
				<field name="qty_available" position="replace"/>
				<field name="virtual_available" position="replace">
					<field name="qty_available"/>
					<newline/>
					<field name="virtual_available" groups="so_workflowchange.group_non_user"/>
					<newline/>
					<field name="qty_incoming_booked"/>
					<newline/>
					<field name="qty_incoming_non_booked"/>
					<newline/>
					<field name="qty_booked"/>
					<newline/>
					<field name="qty_free"/>
					<newline/>
					<field name="qty_allocated"/>
					<newline/>
					<field name="qty_free_balance"/>
					<newline/>
					<separator colspan="4"/>
					<newline/>
					<button name="%(product_location_wizard_action)d" string="Show Location Qty" type="action" icon="terp-gtk-go-back-rtl" />
					<button name="%(cost_price_fifo_action)d" string="Show Fifo Cost Price" type="action" icon="terp-gtk-go-back-rtl" />
					<newline/>
				</field>
			</field>
		</record>

		<record id="view_category_property_form_max" model="ir.ui.view">
			<field name="name">view.category.property.form.max</field>
			<field name="model">product.category</field>
			<field name="inherit_id" ref="stock.view_category_property_form"/>
			<field name="arch" type="xml">
				<field name="property_stock_account_input_categ" position="before">
					<field name="property_stock_opening_balance_categ" domain="[('type','&lt;&gt;','view'),('type','&lt;&gt;','consolidation')]"/>
					<field name="property_stock_physical_inventory_in_categ" domain="[('type','&lt;&gt;','view'),('type','&lt;&gt;','consolidation')]"/>
					<field name="property_stock_physical_inventory_write_off_categ" domain="[('type','&lt;&gt;','view'),('type','&lt;&gt;','consolidation')]"/>
					<field name="property_stock_physical_inventory_out_categ" domain="[('type','&lt;&gt;','view'),('type','&lt;&gt;','consolidation')]"/>
				</field>
			</field>
		</record>
	</data>
</openerp>