<?xml version="1.0" encoding="utf-8"?>
<openerp>
	<data>
		<record id="product_brand_tree" model="ir.ui.view">
			<field name="name">product.brand.tree</field>
			<field name="model">product.brand</field>
			<field name="type">tree</field>
			<field name="arch" type="xml">
				<tree string="Product Brand">
					<field name="name"/>
				</tree>
			</field>
		</record>

		<record id="product_brand_form" model="ir.ui.view">
			<field name="name">product.brand.form</field>
			<field name="model">product.brand</field>
			<field name="type">form</field>
			<field name="arch" type="xml">
				<form string="Product Brand">
					<separator colspan="4" string="Information"/>
					<field name="name" select="1"/>
					<separator colspan="4" string="Description"/>
					<field colspan="4" name="description" nolabel="1"/>
				</form>
			</field>
		</record>

		<record id="product_brand_search" model="ir.ui.view">
			<field name="name">product.brand.search</field>
			<field name="model">product.brand</field>
			<field name="type">search</field>
			<field name="arch" type="xml">
				<search string="Product Brand">
					<field name="name"/>
				</search>
			</field>
		</record>

		<record id="action_product_brand" model="ir.actions.act_window">
			<field name="name">Product Brand</field>
			<field name="res_model">product.brand</field>
			<field name="view_type">form</field>
			<field name="view_mode">tree,form</field>
			<field name="search_view_id" ref="product_brand_search"/>
		</record>

		<menuitem action="action_product_brand"
			id="menu_action_product_brand" parent="product.prod_config_main" sequence="1"/>

	</data>
</openerp>
