<?xml version="1.0" encoding="UTF-8"?>
<openerp>
	<data>

		<record id="shipping_method_tree" model="ir.ui.view">
			<field name="name">shipping.method.tree</field>
			<field name="model">shipping.method</field>
			<field name="type">tree</field>
			<field name="arch" type="xml">
				<tree string="Shipping Method">
					<field name="name"/>
				</tree>
			</field>
		</record>

		<record id="shipping_method_form" model="ir.ui.view">
			<field name="name">shipping.method.form</field>
			<field name="model">shipping.method</field>
			<field name="type">form</field>
			<field name="arch" type="xml">
				<form string="Shipping Method">
					<separator colspan="4" string="Information"/>
					<field name="name" select="1"/>
					<separator colspan="4" string="Description"/>
					<field colspan="4" name="description" nolabel="1"/>
				</form>
			</field>
		</record>

		<record id="shipping_method_search" model="ir.ui.view">
			<field name="name">shipping.method.search</field>
			<field name="model">shipping.method</field>
			<field name="type">search</field>
			<field name="arch" type="xml">
				<search string="Shipping Method">
					<field name="name"/>
				</search>
			</field>
		</record>

		<record id="action_shipping_method" model="ir.actions.act_window">
			<field name="name">Shipping Method</field>
			<field name="res_model">shipping.method</field>
			<field name="view_type">form</field>
			<field name="view_mode">tree,form</field>
			<field name="search_view_id" ref="shipping_method_search"/>
		</record>

		<menuitem action="action_shipping_method"
			id="menu_action_shipping_method" parent="account.menu_configuration_misc" sequence="5"/>
	</data>
</openerp>