<?xml version="1.0" encoding="UTF-8"?>
<openerp>
    <data>
        <record id="inh_invoice_form_it" model="ir.ui.view">
            <field name="name">inh.invoice.form.it</field>
            <field name="model">account.invoice</field>
            <field name="inherit_id" ref="account.invoice_form"/>
            <field name="arch" type="xml">
                <field name="move_id" position="after">
                        <field name="document"/>
                </field>
            </field>
        </record>

        <record id="inh_invoice_supplier_form_it" model="ir.ui.view">
            <field name="name">inh.invoice.supplier.form</field>
            <field name="model">account.invoice</field>
            <field name="inherit_id" ref="account.invoice_supplier_form"/>
            <field name="arch" type="xml">
                <field name="move_id" position="after">
                        <field name="document"/>
                </field>
            </field>
        </record>

    </data>
</openerp>