<?xml version="1.0" encoding="UTF-8"?>
<openerp>
	<data>

		<record id="product_supplier_search" model="ir.ui.view">
			<field name="name">product.supplier.search</field>
			<field name="model">product.supplier</field>
			<field name="type">search</field>
			<field name="arch" type="xml">
				<search string="Product Supplier Search">
					<field name="partner_id2"/>
					<field name="partner_child_id"/>
				</search>
			</field>
		</record>
	
		<record id="action_product_supplier" model="ir.actions.act_window">
			<field name="name">Product Supplier</field>
			<field name="res_model">product.supplier</field>
			<field name="view_type">form</field>
			<field name="view_mode">tree,form</field>
			<field name="search_view_id" ref="product_supplier_search"/>
		</record>

		<menuitem action="action_product_supplier"
			id="menu_action_product_supplier" parent="stock.menu_stock_product" sequence="30"/>




		<record id="product_supplier_tree" model="ir.ui.view">
			<field name="name">product.supplier.tree</field>
			<field name="model">product.supplier</field>
			<field name="type">tree</field>
			<field name="arch" type="xml">
				<tree string="Supplier Price View">
					<field name="partner_id2"/>
					<field name="partner_child_id"/>
					<field name="product_id"/>
					<field name="default_key"/>
					<field name="currency_id"/>
				</tree>
			</field>
		</record>

		<record id="product_supplier_form" model="ir.ui.view">
			<field name="name">product.supplier.form</field>
			<field name="model">product.supplier</field>
			<field name="type">form</field>
			<field name="arch" type="xml">
				<form string="Supplier Price Methodology">
					<field name="partner_id2" on_change="onchange_partner_id(partner_id2, partner_child_id)" domain="[('supplier','=',True)]" context="{'search_default_supplier':1}"/>
					<field name="partner_child_id"/>
					<field name="default_key"/>
					<field name="partner_id"/>
					<field name="pricelist_id"/>
					<field name="currency_id" widget="selection"/>
					<field name="moq"/>
					<field colspan="4" name="supplierprice_ids" nolabel="1"/>
				</form>
			</field>
		</record>

		<record id="product_supplier_price_tree" model="ir.ui.view">
			<field name="name">product.supplier.price.tree</field>
			<field name="model">product.supplier.price</field>
			<field name="type">tree</field>
			<field name="arch" type="xml">
				<tree string="Supplier Price Detail">
					<field name="effective_date"/>
					<field name="name"/>
					<field name="unit_cost"/>
				</tree>
			</field>
		</record>

		<record id="product_supplier_price_form" model="ir.ui.view">
			<field name="name">product.supplier.price.form</field>
			<field name="model">product.supplier.price</field>
			<field name="type">form</field>
			<field name="arch" type="xml">
				<form string="Supplier Price">
					<field name="effective_date" required="1" colspan="1"/>
					<field name="name" colspan="1"/>
					<field name="unit_cost" required="1" colspan="1"/>
					<newline/>
					<field name="upper_limit_ids" nolabel="1" colspan="4"/>
				</form>
			</field>
		</record>

		<record id="supplier_upper_limit_tree" model="ir.ui.view">
			<field name="name">supplier.upper.limit.tree</field>
			<field name="model">product.supplier.upper.limit</field>
			<field name="type">tree</field>
			<field name="arch" type="xml">
				<tree string="Upper limit Detail">
					<field name="qty"/>
					<field name="unit_cost"/>
				</tree>
			</field>
		</record>

		<record id="supplier_upper_limit_form" model="ir.ui.view">
			<field name="name">supplier.upper.limit.form</field>
			<field name="model">product.supplier.upper.limit</field>
			<field name="type">form</field>
			<field name="arch" type="xml">
				<form string="Upper limit">
					<field name="qty" required="1" on_change="onchange_qty(qty)" colspan="1"/>
					<field name="unit_cost" required="1" colspan="1"/>
				</form>
			</field>
		</record>
	</data>
</openerp>