<?xml version="1.0" encoding="utf-8"?>

<openerp>
    <data>
        <record id="maxmega_trial_balance_report_view" model="ir.ui.view">
            <field name="name">Trial Balance Report</field>
            <field name="model">maxmega.trial.balance.report</field>
            <field name="type">form</field>
            <field name="arch" type="xml">
            <form string="Report Options">
                  <label nolabel="1" string=""/>
                  <newline/>
                   <field name="chart_account_id" widget='selection' on_change="onchange_chart_id(chart_account_id, context)"/>
                   <field name="company_id" invisible="1"/>
                   <field name="fiscalyear_id" />
                   <field name="target_move"/>
                   <field name="display_account"/>
		   <notebook tabpos="up" colspan="4">
		            <page string="Filters" name="filters">
		                    <!--<field name="filter" on_change="onchange_filter(filter, fiscalyear_id)" colspan="4"/>
		                    <separator string="Dates" colspan="4"/>
		                    <field name="date_from" attrs="{'readonly':[('filter', '!=', 'filter_date')], 'required':[('filter', '=', 'filter_date')]}" colspan="2"/>
		                    <field name="date_to" attrs="{'readonly':[('filter', '!=', 'filter_date')], 'required':[('filter', '=', 'filter_date')]}"  colspan="2"/>
		                    <separator string="Periods"  colspan="4"/>
		                    <field name="period_from" domain="[('fiscalyear_id', '=', fiscalyear_id)]" attrs="{'readonly':[('filter','!=','filter_period')], 'required':[('filter', '=', 'filter_period')]}" colspan="2"/>
		                    <field name="period_to" domain="[('fiscalyear_id', '=', fiscalyear_id)]" attrs="{'readonly':[('filter','!=','filter_period')], 'required':[('filter', '=', 'filter_period')]}" colspan="2"/>-->
		                    <separator string="Periods"  colspan="4"/>
		                    <field name="period_from" domain="[('fiscalyear_id', '=', fiscalyear_id)]" colspan="2"/>
		                    <field name="period_to" domain="[('fiscalyear_id', '=', fiscalyear_id)]" colspan="2"/>
				    <newline/>
				    <field name="account_ids" colspan="4"/>
		            </page>
		            <!--<page string="Journals" name="journal_ids">
				<field name="journal_ids" colspan="4" nolabel="1" required="0" readonly="1"/>
		            </page>-->
		    </notebook>
                    <separator colspan="4"/>
                    <group col="4" colspan="4">
                        <button icon="gtk-cancel" special="cancel" string="Cancel" colspan="2"/>
                        <button icon="gtk-print" name="check_report" string="Print" type="object" colspan="2" default_focus="1" />
                    </group>
            </form>
            </field>
        </record>

        <record id="action_maxmega_trial_balance_menu" model="ir.actions.act_window">
            <field name="name">Trial Balance</field>
            <field name="type">ir.actions.act_window</field>
            <field name="res_model">maxmega.trial.balance.report</field>
            <field name="view_type">form</field>
            <field name="view_mode">form</field>
            <field name="view_id" ref="maxmega_trial_balance_report_view"/>
            <field name="target">new</field>
        </record>

        <menuitem icon="STOCK_PRINT" name="Trial Balance" parent="maxmega_reports.menu_maxmega_account_general_report"
                action="action_maxmega_trial_balance_menu" id="menu_maxmega_general_trial_balance_report" />

    </data>
</openerp>
