<?xml version="1.0" encoding="utf-8"?>

<openerp>
    <data>
        <record id="maxmega_gl_report_view" model="ir.ui.view">
            <field name="name">General Ledger Report</field>
            <field name="model">maxmega.gl.report</field>
            <field name="type">form</field>
            <field name="arch" type="xml">
            <form string="Report Options">
		<field name="account_ids" colspan="4"/>
		<newline/>
		<field name="fiscalyear_id"/>
		<newline/>
		<field name="from_period_id" required="True"/>
		<field name="to_period_id" required="True"/>
		<separator colspan="4"/>
		<group col="4" colspan="4">
			<button icon="gtk-cancel" special="cancel" string="Cancel" colspan="2"/>
			<button icon="gtk-print" name="check_report" string="Print As CSV" type="object" colspan="2" default_focus="1" />
		</group>
            </form>
            </field>
        </record>

        <record id="action_maxmega_gl_menu" model="ir.actions.act_window">
            <field name="name">General Ledger</field>
            <field name="type">ir.actions.act_window</field>
            <field name="res_model">maxmega.gl.report</field>
            <field name="view_type">form</field>
            <field name="view_mode">form</field>
            <field name="view_id" ref="maxmega_gl_report_view"/>
            <field name="target">new</field>
        </record>

        <menuitem icon="STOCK_PRINT" name="General Ledger" parent="maxmega_reports.menu_maxmega_account_general_report"
                action="action_maxmega_gl_menu" id="menu_maxmega_general_gl_report" />

        <record id="maxmega_gl_result_data_view" model="ir.ui.view">
            <field name="name">General Ledger Report</field>
            <field name="model">maxmega.gl.report</field>
            <field name="type">form</field>
            <field name="arch" type="xml">
            <form string="Report Options">
		<field name="data" filename="filename" colspan="4" readonly="1"/>
		<field name="filename" invisible="1"/>
		<separator colspan="4"/>
		<group col="4" colspan="4">
			<button icon="gtk-cancel" special="cancel" string="Cancel" colspan="2"/>
		</group>
            </form>
            </field>
        </record>

    </data>
</openerp>
