<?xml version="1.0" encoding="UTF-8"?>
<openerp>
	<data>

		<record id="contact_person_tree" model="ir.ui.view">
			<field name="name">contact.person.tree</field>
			<field name="model">contact.person</field>
			<field name="type">tree</field>
			<field name="arch" type="xml">
				<tree string="Contact Person">
					<field name="partner_id"/>
					<field name="name"/>
				</tree>
			</field>
		</record>

		<record id="contact_person_form" model="ir.ui.view">
			<field name="name">contact.person.form</field>
			<field name="model">contact.person</field>
			<field name="type">form</field>
			<field name="arch" type="xml">
				<form string="Contact Person">
					<field name="partner_id" select="1" domain="[('supplier','=',True)]"/>
					<field name="name"/>
				</form>
			</field>
		</record>

		<record id="contact_person_search" model="ir.ui.view">
			<field name="name">contact.person.search</field>
			<field name="model">contact.person</field>
			<field name="type">search</field>
			<field name="arch" type="xml">
				<search string="Contact Person">
					<field name="partner_id"/>
					<field name="name"/>
				</search>
			</field>
		</record>

		<record id="action_contact_person" model="ir.actions.act_window">
			<field name="name">Contact Person</field>
			<field name="res_model">contact.person</field>
			<field name="view_type">form</field>
			<field name="view_mode">tree,form</field>
			<field name="search_view_id" ref="contact_person_search"/>
		</record>

		<menuitem action="action_contact_person"
			id="menu_action_contact_person" parent="purchase.menu_purchase_config_purchase" sequence="60"/>
	</data>
</openerp>