<?xml version="1.0" encoding="UTF-8"?>
<openerp>
    <data>
        <record id="view_partner_form5" model="ir.ui.view">
            <field name="name">res.partner.form.inheritp</field>
            <field name="model">res.partner</field>
            <field name="inherit_id" ref="base.view_partner_form"/>
            <field name="arch" type="xml">
                <field name="address" position="after">
                    <newline/>
                    <group colspan="4">
                        <separator colspan="4" string="Branchs Partner"/>
                        <field colspan="4" name="pchild_ids" nolabel="1" widget="one2many_list">
                            <form string="Partner Branch">
                                <group col="6" colspan="4">
                                    <group colspan="5" col="6">
                                        <field name="name" select="1"/>
                                    </group>
                                </group>
                            </form>
                            <tree string="Branch Details">
                                <field name="name"/>
                            </tree>
                        </field>
                    </group>
                    <newline/>
                </field>
            </field>
        </record>

		<record id="partner_child_view" model="ir.ui.view">
			<field name="name">partner.child.view</field>
			<field name="model">res.partner.child</field>
			<field name="type">form</field>
			<field name="arch" type="xml">
				<form>
					<field name="partner_id"/>
					<field name="name"/>
				</form>
			</field>
		</record>
	</data>
</openerp>