<?xml version="1.0" encoding="UTF-8"?>
<openerp>
	<data>
		<record id="max_partner_address_tree" model="ir.ui.view">
			<field name="name">max.partner.address.tree</field>
			<field name="model">res.partner.address</field>
			<field name="inherit_id" ref="base.view_partner_address_tree"/>
			<field name="arch" type="xml">
				<field name="type" position="after">
					<field name="default_key"/>
				</field>
			</field>
		</record>

		<record id="max_partner_address_form1" model="ir.ui.view">
			<field name="name">max.partner.address.form1</field>
			<field name="model">res.partner.address</field>
			<field name="inherit_id" ref="base.view_partner_address_form1"/>
			<field name="arch" type="xml">
				<field name="type" position="after">
					<field name="default_key"/>
					<field name="loc_address"/>
				</field>
			</field>
		</record>

		<record id="max_partner_address_form2" model="ir.ui.view">
			<field name="name">max.partner.address.form2</field>
			<field name="model">res.partner.address</field>
			<field name="inherit_id" ref="base.view_partner_address_form2"/>
			<field name="arch" type="xml">
				<field name="type" position="after">
					<field name="default_key"/>
				</field>
			</field>
		</record>


		<record id="max_partner_form" model="ir.ui.view">
			<field name="name">max.partner.form</field>
			<field name="model">res.partner</field>
			<field name="inherit_id" ref="base.view_partner_form"/>
			<field name="arch" type="xml">
				<field name="supplier" position="after">
					<field name="sundry"/>
				</field>
				<field name="name" position="replace">
					<field name="name" select="1" colspan="6"/>
				</field>
				<xpath expr="/form/notebook/page/field[@name='address']/form/group/field[@name='type']" position="after">
					<field name="default_key"/>
				</xpath>
				<xpath expr="/form/notebook/page/field[@name='address']/form/group/field[@name='name']" position="replace"/>
				<xpath expr="/form/notebook/page/field[@name='address']/form/group/field[@name='title']" position="replace"/>
				<xpath expr="/form/notebook/page/field[@name='address']/form/group/field[@name='street']" position="replace"/>
				<xpath expr="/form/notebook/page/field[@name='address']/form/group/field[@name='street2']" position="replace"/>
				<xpath expr="/form/notebook/page/field[@name='address']/form/group/field[@name='function']" position="replace">
					<field domain="[('domain', '=', 'contact')]" name="title" size="0" colspan="3"/>
					<field name="function" colspan="3"/>
					<field name="name" string="Contact Name" colspan="6"/>
					<field name="street" colspan="6"/>
					<field name="street2" colspan="6"/>
				</xpath>
			</field>
		</record>


		<!--record id="view_res_partner_reconcile_inh" model="ir.ui.view">
			<field name="name">res.partner.form.reconcile.inh</field>
			<field name="model">res.partner</field>
			<field name="inherit_id" ref="account.view_res_partner_reconcile"/>
			<field name="arch" type="xml">
				<field name="last_reconciliation_date" position="replace">
					<field name="last_reconciliation_date"/>
				</field>
			</field>
		</record-->

		<record id="view_partner_inherit" model="ir.ui.view">
			<field name="name">view_partner_form_inherit</field>
			<field name="model">res.partner</field>
			<field name="inherit_id" ref="account.view_partner_property_form"/>
			<field name="arch" type="xml">
				<field name="property_payment_term" position="replace">
					<field name="property_payment_term" widget="selection" groups="so_workflowchange.group_non_user"/>
				</field>
				<field name="property_payment_term" position="after">
					<field name="sale_term_id" widget="selection"/>
					<field name="ship_method_id" widget="selection"/>
					<field name="fob_id" widget="selection"/>
					<field name="sales_zone_id" widget="selection"/>
					<field name="grace"/>
				</field>
				<!--field name="credit_limit" position="replace">
					<field name="credit_limit"/>
				</field-->
			</field>
		</record>


		<record id="sale_term_tree" model="ir.ui.view">
			<field name="name">sale.term.tree</field>
			<field name="model">sale.payment.term</field>
			<field name="type">tree</field>
			<field name="arch" type="xml">
				<tree string="Sale Payment Term">
					<field name="name"/>
					<field name="act"/>
					<field name="days"/>
					<field name="grace"/>
				</tree>
			</field>
		</record>

		<record id="sale_term_form" model="ir.ui.view">
			<field name="name">sale.term.form</field>
			<field name="model">sale.payment.term</field>
			<field name="type">form</field>
			<field name="arch" type="xml">
				<form string="Sale Payment Term">
					<separator colspan="4" string="Information"/>
					<field name="name" select="1"/>
					<field name="act" select="1"/>
					<separator colspan="4" string="Description"/>
					<field colspan="4" name="description" nolabel="1"/>
					<separator colspan="4" string="Computation"/>
					<field name="days"/>
					<field name="grace"/>
				</form>
			</field>
		</record>

		<record id="sale_term_search" model="ir.ui.view">
			<field name="name">account.payment.term.search</field>
			<field name="model">account.payment.term</field>
			<field name="type">search</field>
			<field name="arch" type="xml">
				<search string="Sale Payment Term">
					<field name="name"/>
				</search>
			</field>
		</record>

		<record id="action_sale_payment_term" model="ir.actions.act_window">
			<field name="name">Sale Payment Terms</field>
			<field name="res_model">sale.payment.term</field>
			<field name="view_type">form</field>
			<field name="view_mode">tree,form</field>
			<field name="search_view_id" ref="sale_term_search"/>
		</record>

		<menuitem action="action_sale_payment_term"
			id="menu_action_sale_payment_term" parent="account.menu_configuration_misc" sequence="4"/>
	</data>
</openerp>