<?xml version="1.0" encoding="UTF-8"?>
<openerp>
    <data>
        <record id="view_partner_form2" model="ir.ui.view">
            <field name="name">res.partner.form.inheritp</field>
            <field name="model">res.partner</field>
            <field name="inherit_id" ref="base.view_partner_form"/>
            <field name="arch" type="xml">
                <notebook position="inside">
                    <page string="Invoices">
                        <field name="invoice_id" colspan="4" nolabel="1">
                            <tree string="Invoices">
                                <field name="date_invoice"/>
                                <field name="invoice_id"/>
                                <field name="product_id"/>
                                <field name="quantity"/>
                                <field name="uos_id"/>
                                <field name="price_unit"/>
                                <field name="type_choose"/>
                                <field name="document"/>
                                <field name="state"/>
                                <field name="comment"/>
                            </tree>
                        </field>
                    </page>
                </notebook>
            </field>
        </record>
    </data>
</openerp>